idx,maxerr_TL_K,err_J_K,err_lag_h_circ,periodicity_K
0,0.00048722811601464855,0.00012524531797453164,0.0014668654510821,6.485402082034852e-08
1,0.0013477400069632495,0.00017274940324796262,0.0046621999280613835,0.0065924921073019505
2,0.0005471995626180615,3.03050136380989e-05,0.001136238017805269,0.0034408383071422577
3,0.00021249447780746777,3.784829021924452e-05,0.005137884893661848,1.7288959952566074e-07
4,0.0005491162480097955,0.00022153973316108022,0.0007826617828889937,0.00017588093760423362
5,0.00032366831521812855,9.819356347406938e-05,0.0022022981724525437,2.375073017901741e-05
6,0.0004123149914221358,9.394819903718599e-05,1.6410636993313688e-05,3.1838283121032873e-07
7,0.0015505937578268458,0.00029280418613097936,0.0014192567804318656,0.008695108816027641
8,0.00017359818207296485,5.274679409694727e-05,0.0020602861288061547,2.5832388928392902e-05
9,0.00803437280558228,0.008027301043568968,0.04533942014512249,0.014729591086506844
10,0.0005967511591506991,0.00021958663762688957,0.0026026280606448182,0.00018678266496863216
11,0.0003039078119968508,9.13415707373133e-05,0.0023753069617455935,5.260578291199636e-06
12,0.0005989118545812744,6.52096192652607e-05,0.000330925056530873,0.0027738355565816164
13,0.0008218137152198324,0.00012004067309590027,0.0011873010112690707,0.003494111355394125
14,0.00043037634861775587,0.00017680542254083775,0.0020834053830611765,0.00018152133270632476
15,0.000507111543015526,0.00014224933647710714,0.0036965865896725347,1.1346226074238075e-06
16,0.0052716189687771475,0.0017120613705969845,0.009383189460578478,0.013865571469068527
17,0.0005700135392885386,0.00019248085789058678,0.00020766609582700823,0.0008650421514175832
18,0.0005551735248445766,0.00019040733877773164,0.002416107493118602,0.0007362042088061571
19,0.004059371601158546,0.0012109678616525343,0.0015058473319040644,0.01605890318751335
20,0.00034647963872203036,0.00011226359259808305,0.0026905608799552283,0.00021394282521214336
21,0.0003777397459430176,7.743072654875505e-05,0.00399403478264837,3.6067888231627876e-08
22,0.00011582766512674425,7.064851331506361e-06,3.956774176749889e-05,9.5731138571864e-09
23,0.000717699310541775,0.00012683815430136747,4.4328988998643126e-05,0.002837571082636714
24,0.0022445310938792318,0.0006199512056355161,0.005718073439112459,0.00859663262963295
25,0.0006110205451932416,0.000182608194563727,0.004259600694142662,0.001305718906223774
26,0.0003395047875187629,0.0001171500011309945,0.002145931408620072,6.53963434160687e-05
27,0.0009367854068500492,0.0001805102833714045,0.0015258104124864502,0.0055766929872334
28,0.02062220827821193,0.01856805776208148,0.16841481029002736,0.02109101600944996
29,0.007447890256969458,0.0024986461068010613,0.0035383333352037027,0.021066727116703987
30,0.0004996347055339356,3.866149393161322e-05,0.0009799908280339054,0.002393970498815179
31,0.014997274298082175,0.014721570002166118,0.08369814503766548,0.022820232436060905
32,0.00036344307835634027,0.00010634080990712391,0.0033277535412281622,2.4355362256756052e-05
33,0.00046742398734522794,7.076351045043339e-05,9.640157248824721e-05,6.301092980720568e-10
34,0.0115807722010004,0.010381660265295523,0.13841575708521603,0.014607357792556286
35,0.028680970286700358,0.024232476270185543,0.4977560025196244,0.017259618267416954
36,0.0005148726557422378,0.00016758683091211424,0.0017975256991498156,5.272243924991926e-06
37,0.0015226418865381675,0.00024175419923722075,0.0012401334010103682,0.008381752297282219
38,0.0003961810226655871,9.243736639064082e-05,0.001510700963811118,0.0011093232315033674
39,0.0006437242377614893,0.0001278335038819023,0.0008793644321674066,0.0023089877795428038
40,0.0003492736012731257,8.780370035310625e-05,0.004502843777558496,9.667474841990042e-06
41,0.0006190206337350901,0.00020214972192889036,0.005123035566995782,0.0012204899685457349
42,0.0006091613615808456,0.00017262231938275363,0.0011111590017236495,0.0013952612644061446
43,0.011179648024324251,0.009935227895027765,0.1412755971886419,0.013669020496308804
44,0.005936601934820374,0.0020121208728482998,0.001322429711953177,0.018881788477301598
45,0.00022943195403968275,4.3418885297796805e-05,0.0041637203302755665,5.869821961823618e-08
46,0.0005556384083433841,0.00021317883374649682,0.002383697031408616,0.0005181265878491104
47,0.0035215828247032732,0.000997666969169586,0.003744251289376166,0.014165239408612251
48,0.00037540112742817655,0.0001292411178610564,0.00040452767846588245,0.00021432980429381132
49,0.0012309483691410605,0.00012288044473507398,0.0008968839058152156,0.006965682841837406
50,0.0028424131046449475,0.0007794716278795022,0.007576971581812586,0.01070586871355772
51,0.00033597995349055054,9.246202131407699e-05,0.0011166100498147813,0.00020037924696225673
52,0.0005782191886396504,2.6427750981383724e-05,0.006597421667098757,0.0026661038864403963
53,0.0005267788780543015,0.0001480543463117101,0.0008969326594616689,0.0012521932367235422
54,0.0006228485447081766,0.00020613573627770165,0.003656016103139592,0.001132423523813486
55,0.0002789359858752505,7.316721257666359e-05,0.0015746123476372276,2.6043413527077064e-05
56,0.006371256014062965,0.0022184071053743537,0.0067012342127767965,0.015136572532355785
57,0.00047176223716860477,0.0001853446773907308,0.0009220502485689508,0.0003931730752810836
58,0.0005391345641214684,0.0001937759068368905,0.00013704290238791828,0.0006718059885315597
59,0.00023579388414418645,0.00010769582848979553,0.004306378062699068,0.000299397564958781
60,0.00043846999562902056,0.00015240680153283392,0.0016965275339888564,0.0002448218874633312
61,0.0007211117619476681,0.0002555142945652733,0.004472398825171808,0.0005840491503477097
62,0.0031205626600581127,0.0008377442920277645,0.008052992464534725,0.010241958312690258
63,0.0002501471808500355,3.815445427335362e-05,0.0037089335007820523,3.262406380599714e-07
64,0.0021471836039950176,0.0005589766251432593,0.004557515189905104,0.009018774144351482
65,0.010251725692967284,0.008666598770332712,0.2048745684279929,0.010199876502156258
66,0.0009600829526448251,0.00017183489711669608,0.004188627015555113,0.0056138429790735245
67,0.00033964384851969953,7.795189418402515e-05,0.0009096878507488526,1.358102963422425e-09
68,0.0006970039388534133,2.723745478760975e-05,0.0012506708925972276,0.0035000217612832785
69,0.00044967908212356633,6.142400729913788e-05,0.0059482695626638105,0.0017462314572185278
70,0.00047226421827417653,0.00015972817948295415,0.00012931348706501922,0.00015699892537668347
71,0.0002878009897813172,2.8046652687407914e-05,0.0003148711236455881,3.495813416520832e-08
72,0.0012072096104134289,0.0002452467508078371,0.0013783730853127452,0.006951448041945696
73,0.000509833536170845,0.00012410202600676712,0.0027093838951195437,9.449934168515028e-09
74,0.00041130827605684317,0.00014454597817348258,0.00188521640007977,0.00012645989772863686
75,0.0015541577568569664,0.0003649428031735624,0.0006345856751597267,0.008038925938308239
76,0.009639492154803975,0.00943585063515684,0.07864230156390306,0.016335153952240944
77,0.0009111116258395668,5.066313417501078e-05,0.0021056490365261027,0.005152747966349125
78,0.002656039198370763,0.0006933650807923186,0.0007084560142534002,0.011792815290391445
79,0.010829846990361602,0.008775782835527934,0.4980238469187661,0.00677219033241272
80,0.0014405543154794032,0.0003230988163522852,0.0017385693479017306,0.006576972547918558
81,0.014890266134841568,0.013732926132206558,0.11213942250559583,0.017670689150691032
82,0.0016546786880553555,0.00039124618808727973,0.00646449310658781,0.007033706177026033
83,0.012208649943033834,0.010293140025680714,0.23823847928609254,0.011384697631001472
84,0.0005448738829159083,0.00021028383883958668,0.002090056405844365,0.00024418268003501
85,0.0008358903680232288,3.3746145163604524e-05,0.00706196798543246,0.003933725878596306
86,0.00043107665658226324,0.00014693724938297237,0.0018332244840877365,0.0002874064666684717
87,0.0002736054295269241,3.7626650907895964e-05,0.0017833691404387508,1.4199844144968665e-07
88,0.0004450802670703524,0.00014996792106103385,0.0034285470714188193,5.806475382996723e-05
89,0.0004535519852879588,5.3866082566855766e-05,0.0009754839568447693,0.002137906150892377
90,0.00017166795578305027,3.842940589038335e-05,0.0017675812835378224,1.2367681847536005e-06
91,0.0006599388566996822,0.0002393425259583637,0.00022025088181187868,0.0005953999934718013
92,0.0012303981651484719,0.0002524201393043768,0.00790388553430077,0.006169164553284645
93,0.018425359025741272,0.017124460131299202,0.11797916926787622,0.020635908469557762
94,0.0005182208798260035,0.00014304098817774502,0.003742849478545196,0.0009075283887796104
95,0.0004555151426188786,0.00016077795658020477,0.0009284967375791098,0.00019256200175732374
96,0.0004213623015516532,0.00010834024368477913,0.0004167504223246965,9.511804250905698e-07
97,0.00047785623041818326,0.00013766782223001428,0.004315037248060705,0.0011581553844735026
98,0.0007662908536190116,0.00016063400045140952,0.0046277151772589065,0.0029664263129234314
99,0.005661387102691151,0.005396963271891764,0.2773746270876174,0.011181357316672802
100,0.00023835812379502386,3.848407169471102e-05,0.0002920213392165749,1.4652118807134684e-07
101,0.00021872786794574495,7.734732366770913e-05,0.0007089875916790334,0.00027291072183288634
102,0.000704977297118603,4.694855380193985e-05,0.0016589338481125537,0.004021836910396814
103,0.0005533892560265485,0.00020116063456043776,0.00038696856070785657,4.496962901612278e-06
104,0.002566233197796919,0.0007129682070967647,0.002882735548967119,0.009725608862936497
105,0.00023456306587377185,4.3403187873991556e-05,0.004753404032181052,2.843745505742845e-08
106,0.0014168950916655376,0.00031613194073543127,0.006944721243314689,0.005792759824544191
107,0.0004463173302724499,0.00012986542094495235,0.001805314894662402,0.001189329894259572
108,0.0007530253866434578,9.912357421626439e-05,0.00587563907098243,0.0038462099619209766
109,0.0003074332818187031,9.68994670529355e-05,0.00044085233344759445,1.1577778423088603e-05
110,0.0009237909337116434,0.00011669917688550413,0.0022087257324123755,0.005053769797086716
111,0.02039778703522188,0.02038148516533056,0.062774719385704,0.027834441512823105
112,0.016434869622173665,0.01520867026488304,0.11900312597190776,0.020008938387036324
113,0.002216103333182673,0.0005088639889549995,0.007963049456039428,0.009725503623485565
114,0.0016470743137801946,0.0003819193534582155,0.0013415155046576643,0.008658462204039097
115,0.0025159277189459317,0.0006364170637311872,0.006204781477768151,0.010733182542026043
116,0.00038747882376810594,0.00011918946387368123,0.0028422123834772606,3.252058377256617e-05
117,0.00038719714746093814,0.00011234493126721645,0.005603785434844966,0.0005062185227870941
118,0.00038077446140505344,0.00014435817445246357,0.001030759928836389,0.00025921783526428044
119,0.0044670361510270595,0.0013446637573792941,0.011952852787251445,0.012987342663109303
120,0.023125502929360664,0.021534757742301736,0.14003222941066085,0.026397239416837692
121,0.00028582776548091715,9.100010629481403e-05,0.0019068671180590968,0.0001777962752385065
122,0.0007846918272207404,0.00021888334617869987,0.005030960411772867,0.002022708533331752
123,0.0003404930114925264,8.920935869127788e-05,0.00013206853502722993,1.3873943771613995e-07
124,0.0003094324978860641,0.00010345469587491607,0.005420489360735914,3.7348880141507834e-05
125,0.03775028699436689,0.032423064361012166,0.4218823928225248,0.026102446019649506
126,0.0019441553386627675,0.0004788035729461626,0.008879283900613544,0.008535905741155148
127,0.0029016467554470182,0.0028626964401610167,0.03766441081404892,0.0063563077710568905
128,0.00041914918404017953,4.569620165284505e-05,0.0004104162746774165,0.002150597283616662
129,0.0007448334440027793,0.0002227242196113366,0.0027603007358596443,0.0020385319367051125
130,0.000300287864774873,9.915017733419518e-05,0.0022763663111113885,1.5699188224971294e-05
131,0.00035259130658005233,5.5002141152726836e-05,0.0007391032402477293,5.288472948450362e-08
132,0.004605533856022248,0.0014232697371312497,0.008580362922609552,0.011627740226686
133,0.0001881418884863706,3.3576154578440764e-05,0.0008538268633433432,7.415457730530761e-06
134,0.025741694806413307,0.02418293546128325,0.14301480843578318,0.026731356978416443
135,0.00027938473323274593,9.221151253768767e-05,0.0008761416044187342,1.4719875252922066e-05
136,0.00015975577832705312,9.262271930765564e-06,0.004146380439959074,6.821210263296962e-13
137,0.00033837799981029093,9.212587377760428e-05,0.0010483762516884099,4.409987377584912e-05
138,0.0003650265645092077,0.000124522330054333,0.0018913108030496062,5.935230728937313e-05
139,0.00043994916097744863,0.00013266230564568104,0.004631092966484118,0.0003171940625179559
140,0.0006057924216520405,0.00020127582916984466,0.003973130543116099,0.0007525377441197634
141,0.0004079435735775405,0.00012154532464592194,0.0036319915528011393,0.0005947137833572924
142,0.0002472163952802475,2.625408558287745e-05,0.0044901795386920185,8.46233660922735e-09
143,0.0030157238073798,0.0008078175958985412,0.004759543743247718,0.013067635707557201
144,0.0066159161109453635,0.002179013386466977,0.014126938458996818,0.016101481392979622
145,0.00035392251288612897,8.788202580944926e-05,0.0034557283623151136,6.961255962778523e-07
146,0.0005010133320411114,0.000167519335320776,0.002489855356355264,0.00040885197813622653
147,0.00024787260696257363,6.233603323835268e-05,0.000722626124124659,1.2884174793725833e-05
148,0.0001649390740681156,4.062684695327334e-06,0.0001773754707894426,9.663381206337363e-13
149,0.0006409016972384052,0.00023145642950339607,0.0019920816670477848,0.0001702666049823165
150,0.0003121020615708403,0.00010125582997488891,0.0056848893516665555,0.00041284295730292797
151,0.00034393013129374594,0.00011115787970084057,0.0026315393244100704,6.233831663848832e-05
152,0.0003033127864000562,9.073498483758158e-05,0.0006172836661004766,1.0128366056960658e-07
153,0.00021138067438641883,1.8616068928167806e-05,0.0017584728786452786,1.4932408021195442e-07
154,0.011703335659603908,0.01078643663566936,0.10548016900450463,0.01586959883570671
155,0.00036887729038426187,6.1107510077818e-05,0.0015068192743079578,1.7416141417925246e-08
156,0.0024532635098921673,0.0006492623672329501,0.00458981042914175,0.00881884153932333
157,0.0004017740887434229,8.71076353519129e-05,0.0011563339686020413,0.0014012251049280167
158,0.0006561048959383697,0.00018783349293016727,0.0035992249751242156,0.0012053345562890172
159,0.03063422430261653,0.02582719598865424,0.5029793016682174,0.019379256293177605
160,0.0006749385307784905,1.0262306773256569e-06,0.00047976091747869987,0.0036140207666903734
161,0.0054904886986832935,0.0016851363471346303,0.006511063957995944,0.017780747264623642
162,0.00031327612163067897,8.598125020853331e-05,0.0015790370318864433,0.001148595241829753
163,0.0002106843384694912,6.121855238916396e-05,0.0033393909790344622,1.5307007288356544e-06
164,0.00016897588153597098,2.8878277873900515e-05,0.001483754396531367,8.234387678385247e-06
165,0.0005041543090555933,0.00012431653658495634,0.00022548719744541756,0.001247039414010942
166,0.004273975270223218,0.0012894383744423976,0.014863859975109861,0.010373861528933048
167,0.00040099194120557513,0.00016278262074820304,0.0036966438647407784,9.373224020237103e-05
168,0.02347174796358331,0.022828851340364054,0.34839554192378586,0.03239193558692932
169,0.003561714626300727,0.0010665444196433782,0.008062774398354122,0.01017558854073286
170,0.007971949737111572,0.005808752581401677,0.724775446126106,0.015844229608774185
171,0.0001271757784024885,8.888846764421032e-06,0.0005225177920546997,2.1938149075140245e-09
172,0.013114486194297115,0.007407090688388962,1.0106386705219776,0.02394832856953144
173,0.0013838022497338898,0.00030880753934070526,0.006742362934273771,0.006355121731758118
174,0.00045331936530601524,0.00020240890466993733,0.0025434386843166124,0.0005594101385213435
175,0.0005402183314799913,0.00015277208746056203,0.0009958059311845346,0.0013637642841786146
176,0.0011640647558692763,4.929352712679247e-05,0.003492135589866052,0.006210572086274624
177,0.00020651353025868957,5.808504943161097e-05,0.0010504326572373657,2.6278619316144614e-06
178,0.00036511996182753137,3.8289075462216715e-05,0.0015017273759276861,3.824766281468328e-09
179,0.002038467943350497,0.0005349445260662833,0.002008569760036494,0.00857351254671812
180,0.0005519634275401586,0.00011173805603448272,0.0020500168026007515,0.001764509710483253
181,0.0007736268650546663,4.8424087708554e-06,0.0022731198226448868,0.004939083009958267
182,0.0005904032950070359,0.00021236399089730185,0.0025808296808040865,3.4967662941198796e-05
183,0.001122334425815552,0.00019626691528173978,0.001639582670369677,0.006829087156802416
184,0.0003929413726382336,9.22970640431231e-05,0.004051123412931901,1.8790990452544065e-07
185,0.000542302955238938,5.6235697456941125e-05,0.002684889824989156,0.0024192368146032095
186,0.029461706706911173,0.02653207442136818,0.20552044147342485,0.02912587672472
187,0.007737219613886737,0.0073370109006418716,0.07802394453674566,0.012480941601097584
188,0.0011751400515436217,0.00022475587934422947,0.0018061230548092055,0.007268261630088091
189,0.0004627360394238167,0.00016257758687743262,0.005426449890768126,0.0005749441916123033
190,0.0009943925876427784,7.990743171149006e-05,0.0047869580971617864,0.004403351340442896
191,0.000694149905143604,0.0002539333577828984,0.00011543001897962313,0.000857964507304132
192,0.0014638844143632923,0.00031319880969249425,0.0004877547788897374,0.008446439169347286
193,0.0005254739703559608,0.00018034436715197444,0.0034594039766133733,0.0009693594183772802
194,0.02096846647430084,0.008442488437651718,0.02379243678884002,0.03514549136161804
195,0.0005539207063520735,0.00018162865575277465,0.00016815895487454213,3.292335009064118e-07
196,0.0001438310738990367,8.913239753383095e-06,0.0005277584753322628,9.663381206337363e-13
197,0.0005033174690538544,3.628040383318876e-05,0.0035051403633161726,0.0024195259902626276
198,0.017874936893576887,0.017662972129812715,3.5650140723499177,0.0027462898287922144
199,0.0004575279183995917,0.00014639254447956773,0.00036639599793453215,0.0002734916051849723
200,0.00027892978715726713,4.917030832984892e-05,0.000793373276959386,5.8191403695673216e-08
201,0.00018199160894027955,5.806472643143934e-05,0.00010794462665941751,1.2478076314437203e-05
202,0.003288650035926821,0.0009484927533094378,0.014120432102291858,0.008215216919779778
203,0.008752554833506565,0.0030300970748839973,0.01669033296599487,0.0186445452272892
204,0.0005031912929212012,0.00016317689443212657,0.0003355737778960588,0.0013619866222143173
205,0.00017602254951043506,1.0506636044738116e-05,0.0033458778736363826,1.0231815394945443e-12
206,0.0006059106473799147,0.00021944240074844856,0.0017389921831778565,4.407258165883832e-05
207,0.0004641444119783955,0.00015732960048353561,0.002121559773893722,5.416590738605009e-06
208,0.014843581151183116,0.005560440451404247,0.015283166303969864,0.03115113079547882
209,0.00033719566823720015,9.681085481361151e-05,0.00014396355144796757,6.131147529231384e-06
210,0.0002960637622209106,0.00011325299107056708,0.0007524991324778796,0.00027162168407812715
211,0.00024148834268089558,6.669603777709199e-05,0.002321071561054211,1.8019557046500267e-06
212,0.0005070798087558614,0.0001486117607782944,0.001166802696118907,1.7991765162150841e-06
213,0.015232587748357673,0.013510280744299052,0.1533040142950135,0.015741197392344475
214,0.0006109525105557623,0.00012368160525966232,0.001983655889617353,0.002264553913846612
215,0.00040804642605962727,0.00014514546415966834,0.002317272764752687,0.00039152009412646294
216,0.0004931421619289722,0.00015503972690567025,0.005275203293242825,0.00026902466197498143
217,0.0007184851207853171,0.00012548838617476576,0.004185754971151923,0.0024739806540310383
218,0.0008633877675379154,0.00016179390826209783,0.0055082746967833884,0.003964850213378668
219,0.0004129960208842931,0.00010769165345436704,0.00010577966410174611,0.0005928206373937428
220,0.030687041284068073,0.025899217485914505,0.4870036379554463,0.019673524424433708
221,0.0006901119962208213,0.0002516647181778353,0.002205511604703503,0.0006229587597772479
222,0.00028863149367452934,7.469121891290342e-05,0.001580669371973542,1.3517462775780587e-06
223,0.0005599689632731497,0.00019455380123645227,0.0018785529130340706,4.184777571936138e-05
224,0.0007425192331425023,3.1740729014018143e-06,0.004649708438600797,0.0033497163094580173
225,0.0010580781325870703,7.103324196577887e-05,0.0029418219948684765,0.005392543040215969
226,0.0018975617075511764,0.0004835836405163718,0.005815992040984597,0.007556884083896875
227,0.001040451320250213,0.000213798734307602,0.0022912063525772908,0.0044969962909817696
228,0.0030144952045816353,0.0008654860295109756,0.00633751422191331,0.012413356453180313
229,0.0006316329489095551,0.00022800104972020563,0.001472002076969403,4.738881671073614e-06
230,0.0006269524852768882,0.00022222440276209454,0.006254895672368477,9.380456504004542e-06
231,0.00046876115277427743,0.00015156886490785837,0.0013957590143505172,5.543424413190223e-05
232,0.00022533793537604652,5.3342278761192574e-05,0.0009430136176007409,2.732070356614713e-07
233,0.00040070106194889377,0.0001516338180636012,0.00233813535407279,0.00021641229977831244
234,0.0024263980484420244,0.0007046808033805974,0.0019658603471661706,0.009251357056200504
235,0.00729636486698837,0.0023876808122622606,0.020126418217273567,0.015575005672872066
236,0.0004261311834170556,0.00014178946031506712,0.0015613264497105206,0.0002234008425148204
237,0.004051723073644098,0.0012359612359773564,0.012327425948052806,0.009677154012024403
238,0.00032485182128993983,8.160974203974547e-05,3.2914150743579285e-05,0.0006045621121302247
239,0.00035252487407433364,0.0001221706820615509,0.0046681376883661585,6.081480751163326e-05
240,0.0006075405815977319,0.00021124241163761326,0.0017291475819192215,0.0010907815303653479
241,0.000358066129706458,0.00011800223842328705,0.0012615957727373228,2.611587115097791e-05
242,0.0005515679538348195,0.0001985858809803176,0.005194582009725224,5.6665144256839994e-06
243,0.00045627502299794287,0.0001390317346476877,0.004166438395252214,0.00010667292372090742
244,0.014214139257035185,0.01305313045281764,0.10742532040074693,0.016922345384955406
245,0.008318837777153476,0.008195511506073672,0.0649368667326371,0.014275660738348961
246,0.006765356265816536,0.0022366052438087536,0.0175001344848269,0.015545758418738842
247,0.00041456821395513543,0.00010209301683516969,0.00020366332019960964,2.608374529700086e-07
248,0.0002484787565890656,6.795521511548941e-05,0.0008443329909262332,6.517512701975647e-06
249,0.000899626715749946,6.667968193596607e-05,0.0043661059978337136,0.003662646282464266
250,9.130845529625731e-05,3.5287769151182147e-07,0.0009901427507479355,4.755293048219755e-09
251,0.0004084282600729239,0.00015350380874679104,0.00022416920747048152,0.0004725297330878675
252,0.015033760370499749,0.0056155932424530874,0.027687621628588843,0.02800246700644493
253,0.00027435173029743964,6.916830267300611e-05,0.0028781902983183727,1.020092668113648e-07
254,0.0002656164996892585,4.929229203298746e-05,0.001286288052320117,1.742878339427989e-07
255,0.0004541293377542388,0.0001657290923162691,0.0018323742045875946,0.000110498585854657
256,0.0008115565100865751,0.00013008092446398223,0.00018959393288042747,0.0030955171678215265
257,0.0054423966039394145,0.001760588394631668,0.0033456099835369457,0.016354909166693687
258,0.0032392607250812944,0.00092375488009111,0.009500840808565059,0.011358060874044895
259,0.00020099304083487368,4.67517307356502e-05,0.0018047020019142934,0.00017174692766275257
260,0.01819967021810953,0.018198184086202218,0.0169427544922911,0.025659549981355667
261,0.00034232496273034485,8.508003480756088e-05,0.0014049602116443793,2.0408975842656218e-07
262,0.00497147084433891,0.0014998972772559682,0.0039961092338280935,0.01680384762585163
263,0.00038644352127903403,6.757287735581485e-05,0.0037748266969508393,3.0134458484099014e-08
264,0.02186353864561852,0.018974565035478008,0.25439443950515894,0.02058870531618595
265,0.019300494449964845,0.018930474633350514,0.1005365683640207,0.027589628472924232
266,0.002655665384736494,0.0007775141868364699,0.005244780252073866,0.00940135307610035
267,0.033999503268034914,0.031066664865420535,0.20264345597795952,0.03264974430203438
268,0.00024894106019246465,0.00011376411089258909,0.0015508272474811235,0.0002994609822053462
269,0.004283003294176524,0.001255696033751974,0.00934112553465738,0.014543059282004833
270,0.0005658379951682946,0.00016936176564286143,0.002060928053113642,1.7926469809026457e-05
271,0.02359032822170093,0.02174973098499322,0.15150463125436175,0.027789022773504257
272,0.0007275277876033215,7.483479481606992e-05,0.000731658199029539,0.003587962593883276
273,0.02013630478796813,0.019954523749447617,0.09107468993946455,0.027439119294285774
274,0.0003436306255935051,0.00013685479825653601,0.002118674771972806,0.0002760757924988866
275,0.00048110240805954163,0.00010265077298754477,0.0037503338980329204,0.0015577033627778292
276,0.01787471320261602,0.0070226052837369934,0.019090098058537563,0.0354057252407074
277,0.00020466310280653488,6.316524218163977e-05,0.001593040224063813,6.314105121418834e-06
278,0.0003190839470903484,0.00011678411590310134,0.0005965999943562394,0.00011325842933729291
279,0.0006558400914400409,0.00024748840905886027,0.002647889431454331,0.001054618158377707
280,0.00016730915041307526,1.3239088787031505e-05,0.00036172988907168246,3.9472246271543554e-07
281,0.0007354029504540449,0.00012104821149705458,0.0036828009694573893,0.002828555880114436
282,0.0003077683057313152,8.699487153762675e-05,0.0009884089080749447,1.7692497067400836e-06
283,0.0032566789623729164,0.0009513134625080966,0.014332720748781114,0.008683586493134499
284,0.0009029920457805929,0.00014229186456304888,0.0019100885929912437,0.0033312689047306776
285,0.00011644835251445329,8.758712510825717e-08,0.0033916406251428555,7.389644451905042e-13
286,0.0009164960998191418,0.00010862601726557841,0.004987102527664433,0.0045370371080935
287,0.0009617621103643614,5.125890362478458e-05,0.001729612359142152,0.005388594698160887
288,0.007534437371077729,0.0024805429543448554,0.009281759602318473,0.018536262214183807
289,0.0010081293319217366,0.0001339507251145733,0.001676215554475391,0.004919590428471565
290,0.0011085252938869417,9.66799969432941e-05,0.0015280731428930494,0.006073250435292721
291,0.0002801744983003118,1.2892444885892473e-05,0.0025831744601028106,5.684341886080801e-13
292,0.0003704246466895711,9.389356432620843e-05,0.0008185886738836246,0.00106787437107414
293,0.00963815968725612,0.008688982960052272,0.10378602622063227,0.012629660777747631
294,0.0009409674087237363,7.885073938496134e-05,0.003570448460097353,0.005460832733660936
295,0.005149383044340539,0.001662724848642938,0.01466129429966223,0.011524708941578865
296,0.0010987207540438249,0.00015444972359546227,6.0469226724535474e-05,0.006499142851680517
297,0.013313394497060926,0.012261788839737164,0.1228724380589874,0.01783367618918419
298,0.0003262119134319619,8.863584548635117e-05,0.0019432010139937006,7.634007488377392e-05
299,0.0006191849504375568,0.00010974006454489427,0.0002887292345388204,0.002444448648020625
300,0.0037055668664720542,0.0010537629742657373,0.010368551325957043,0.010402122512459755
301,0.0007463843286359406,1.0043056590802735e-06,0.004823407539305435,0.0036279154010117054
302,0.0002773874027752754,5.622247482506282e-05,0.001138262896239084,6.36239860796195e-08
303,0.0002814962985553393,6.068003466452865e-05,0.0014429348192912528,1.622406216483796e-06
304,0.0008370438646352341,0.0001481990072420558,0.001026044719239394,0.0046052769757807255
305,0.00035166342706816067,0.0001448523872795704,0.004476855004963198,0.0001896895410027355
306,0.001302547432942447,0.0001551343772234759,0.0015275362421078853,0.007426534779369831
307,0.00023256791354242523,4.941027640370521e-05,0.0001731638245701106,7.816326615284197e-06
308,0.000623315670793545,0.00014787907582558546,0.0002085792569985756,0.001674679690040648
309,0.002920110762488548,0.000786954462569156,0.0098151000727551,0.009590016677975655
310,0.00023937291473430378,9.019356269845957e-05,0.003793056438665232,0.0001801316102501005
311,0.01175460276016338,0.008952989237059228,0.7585811275423673,0.021040018647909164
312,0.00046655574954002077,0.00012515330280393755,0.0022044208344169647,0.0007395884022116661
313,0.0004226118426799985,0.00015288507449895405,0.0027909143316460217,0.00010067030962090939
314,0.004235042267168865,0.001260594167661111,0.008437102471742008,0.012264998629689217
315,0.0007330439366342034,8.293054384012066e-05,0.000764839566762987,0.0028276368975639343
316,0.0014393874606639656,0.00031510765739994895,0.0045379961636200505,0.006098252721130848
317,0.028372995432334847,0.026046418398664173,0.1729483268740779,0.0313970185816288
318,0.0014873059345177353,0.00023067226800321805,0.0018886121750743001,0.008106907829642296
319,0.000613414430802095,3.17598700689814e-05,0.0019495512499183576,0.0029610495548695326
320,0.02378264095563054,0.021393680011669858,0.18829336501428529,0.024185700342059135
321,0.0005410600740560767,0.00017146950682445095,0.0018619308898699671,3.4385385561108706e-07
322,0.0007238233285988827,0.00013206295204781782,0.001675114844255532,0.0028457017615437508
323,0.0004757124173124794,0.00019167532826713796,0.001530187035445607,0.000476088491268456
324,0.00032670412343804855,0.00011172371409884363,0.002005638954621247,0.00020193163072690368
325,0.005286282690178723,0.001673129111338767,0.017232965356001273,0.011759601533412933
326,0.0005982417451946276,6.467998025527777e-05,0.00035460041130441766,0.003909384366124868
327,0.00026832533711740325,3.1351991992778494e-05,0.000575224100957783,3.98529209633125e-10
328,0.016793393716852734,0.0065375445155382295,0.01258708213635984,0.03368648886680603
329,0.00038372664255348354,0.0001011442784601968,0.0019068858200874672,0.0012621886562556028
330,0.009431005563158124,0.00856438504382595,0.11311492155574498,0.012878133915364742
331,0.00040471953167298125,0.00010287077708426295,0.00010991680955285688,2.038479465227283e-07
332,0.0022524075120600173,0.0006041700495984514,0.004895120916188489,0.008100244216620922
333,0.006483755181079687,0.0021268695659841796,0.006162974228340445,0.018821019679307938
334,0.0015764321236133583,0.00035343890397143696,0.00261930003927624,0.007794511970132589
335,0.0062415852497679225,0.001957220757617506,0.006615525881283446,0.018914509564638138
336,0.0006797513614174022,0.00022090966683663282,0.0023765863651519226,3.615390369304805e-06
337,0.0004853896708141292,0.00020983086153592012,0.00322530552711342,0.0005238192970864475
338,0.00028109653715091554,0.000101716113817929,0.0016886970776841537,6.531435064971447e-05
339,0.000520230887048001,0.0001441194803533108,0.0009138462769868738,1.3149690403224668e-06
340,0.00018836059774685054,2.9348237376325415e-05,0.004331754268353194,7.872046126067289e-08
341,0.000527502910927069,0.00017046860693881172,0.001739441762284244,0.0008471067994832993
342,0.008903748620809893,0.008047104240290537,0.10991384603444132,0.012235923670232296
343,0.0001697962754292348,2.1692389907457255e-05,0.0030473996921394075,7.814023774699308e-07
344,0.0009651601438918078,7.881054233394025e-05,0.0013571647682066867,0.00563382264226675
345,0.008784252431553341,0.003021014254329657,0.022472025717741317,0.018290845677256584
346,0.02326434771168806,0.021011174305556324,0.17692015480817602,0.023943647742271423
347,0.004896281335220465,0.0016106235863730944,0.007479276537665669,0.013712341897189617
348,0.0005548733632281255,0.0001807716813004845,0.0014078017603473825,2.1777219444629736e-05
349,0.006405594450654917,0.002068873158691531,0.007189475032982173,0.01669899746775627
350,0.009629121988041334,0.008603332224311089,0.12483908025531676,0.012514947913587093
351,0.011512982076055778,0.004154055868298201,0.01678851750829935,0.023720191791653633
352,0.00031568300511253256,9.672943525629307e-05,0.002337248095120259,0.00010040189226856455
353,0.00018957774398131733,2.14771055766505e-05,0.003193615337840683,8.930101103032939e-11
354,0.00012706306580412274,2.4083585003609187e-05,0.0007753680335458313,4.690150490205269e-10
355,0.00023412877715145441,8.928580882638926e-05,0.004050516778045576,0.0005298815667629242
356,0.005059688222559089,0.005052200704710685,0.04941543152561323,0.010029750876128674
357,0.003925770827891029,0.001155995352348782,0.008988904171205903,0.010547761805355549
358,0.0006112685308039545,0.00023413405790506658,0.00022429198365969683,0.0005649221129715443
359,0.0005454158560951328,5.750970592544036e-05,0.00042612148430798413,0.0024840745609253645
360,0.0011576248950859735,2.3587399084590288e-05,0.0028482992393268347,0.005571824964135885
361,0.010567408666474876,0.010124936596753287,0.0935913981514922,0.01660723052918911
362,0.0005031397302559526,0.00020660777562397925,0.0003930645476835082,0.0001164350614999421
363,0.00019134778290208487,4.159943540571476e-05,0.0007380278324902179,1.0185675591856125e-07
364,0.0026464071976874948,0.0006771897320732023,0.00018187828572813203,0.011980927549302578
365,0.00035573351806306164,7.137028109127641e-05,0.0006459532048719296,5.96184577261738e-08
366,0.0005156150660354797,0.00017425908936274936,0.002264929319458986,5.407102435128763e-06
367,0.0005543353079815461,0.00021372401062080826,0.0027862509037319683,0.00020620816212613136
368,0.0001787020682968432,4.813686587112898e-07,0.002452347044529901,2.366476792303729e-08
369,0.00042977649923159333,6.445302352631188e-05,0.0009693412903857279,0.0020429822616279125
370,0.00021631006524103213,3.084483671500493e-05,0.0032598314711762555,1.2391865311656147e-11
371,0.0005248198763752043,1.1499129186631762e-06,0.0011567412519291054,0.0028419597074389458
372,0.0006898208614529722,0.00010745733777639543,0.0038512978591871416,0.0025318621192127466
373,0.0006317672086311177,0.00015154725753063758,0.0023585509612171762,0.0016030794940888882
374,0.00034464589646177046,7.984997074572675e-05,0.002799381832721437,2.848864255611261e-07
375,0.004137905162338029,0.0011899407590476585,0.009442524763423776,0.01378535944968462
376,0.0002573409648221059,6.563796932823607e-05,0.0001383457439629865,1.3027888599026483e-06
377,0.007992779547294049,0.0028252827298729244,0.0033106938909721606,0.02398502081632614
378,0.0005326924293171942,4.96457857934729e-06,0.00017492741446645255,0.002855949103832245
379,0.00015739397736069805,4.713569200021084e-05,0.0032742168538320016,0.0001622401614440605
380,0.023582019406546806,0.010168083060989375,0.034081546518269334,0.03434736281633377
381,0.04569054217517987,0.041377872182692954,0.254063103099309,0.03963812440633774
382,0.0003586785665561365,0.00011379884432471954,0.002939792648282591,3.6817734780925093e-06
383,0.00047400242158346373,0.0001694487434065195,0.00195434510425585,0.0008441558456979692
384,0.00044052550055084794,0.00013602249202904204,0.0027999474706028593,4.066927886015037e-06
385,0.0006224933983958181,0.00021042306394747357,0.003007186710750176,0.0006454468821175396
386,0.0012845767932390117,0.00014568262622560724,0.0008937110582785124,0.007125771604478359
387,0.0001867635130565759,4.658476348140539e-05,0.0022751757008201423,2.661682628968265e-06
388,0.0006283701126221786,0.0002241553671069596,0.0015559461013872067,1.9370683730812743e-05
389,0.0004947801481307579,0.000179730726699745,0.002383170366044851,3.76037169189658e-05
390,0.0003511114328489384,0.00012197058777019265,0.0041219847132722975,0.0004738872521556914
391,0.00026979045929920176,8.121150113993281e-05,0.0023320797139767535,2.319874283784884e-06
392,0.00017703705549365623,4.520488482739893e-05,0.005414484303045697,1.2681586667895317e-05
393,0.000736258381607513,9.024812868574372e-06,0.001506076019776259,0.003653591964393854
394,0.002367327492493132,0.000654821121202076,0.007763818773375064,0.007801302243024111
395,0.004140371250286989,0.0012637943797813023,0.009702497737650972,0.011512870900332928
396,0.0002162079192657984,1.750574654124648e-06,0.0013935902432447023,7.958078640513122e-13
397,0.0004914405125759913,0.0001677538697322234,0.003840818040508509,2.6240899387630634e-05
398,0.000990480028804086,0.00016325265653449605,0.005837265619055287,0.004650080110877752
399,0.008451713383578863,0.0029285129919571773,0.006308403653907391,0.022088967263698578
400,0.00040155309920919535,0.00016178994576421246,0.0012593507307236962,0.00014352146536111832
401,0.007430691775255127,0.0026152209088650125,0.004959835766863208,0.01956414431333542
402,0.00031031558336280796,0.00012606591906205722,0.0007546297394824819,0.0002960337442345917
403,0.000583882406090197,5.3986608293143945e-05,0.005460560891473065,0.00254293205216527
404,0.0004413402354543905,0.0001481751080518734,0.0017677400340723182,0.0004538755747489631
405,0.0005493990919376301,0.0001904241775605442,0.003552867177166519,4.29524079663679e-05
406,0.0002763748831853263,7.591010069063486e-05,0.00017220180828303455,1.123287802329287e-05
407,0.000753604839246691,0.00026830135692534895,0.0021290024115163675,0.0011161002330482006
408,0.0005521696738810533,0.00015015104816029634,0.000966186400805924,6.390833391378692e-07
409,0.0003005668734772371,8.403011293012241e-05,0.0019959909414257737,1.0347005172661738e-06
410,0.013085599036230633,0.01212295777889949,0.09779934554786962,0.016512511298060417
411,0.0056809179312722335,0.0055137569978569445,0.05792062706645851,0.01038726232945919
412,0.00015639255593669077,5.635205792486886e-05,0.0005200175655311057,0.0001187000671052374
413,0.012016510063119767,0.007377323848515971,0.9445888491926837,0.021264463663101196
414,0.004909998165828711,0.001508151265682045,0.00788848676053,0.01363765075802803
415,0.0007332193742968229,0.00017948644466514452,0.0014654497832982116,0.0022995921317487955
416,0.002126957063410373,0.0005745817060756053,0.0011667800386483407,0.008600091561675072
417,0.003291401368244351,0.00094479288304683,0.005442513153797179,0.011982480995357037
418,0.00029694415962921994,2.1130302059191308e-05,0.0022070724607345937,3.637978807091713e-12
419,0.0004358156847956707,0.0001446754728817723,0.005573557375726068,7.556342461612076e-05
420,0.003378098685175246,0.0009683754077514095,0.006460959218692608,0.009696096181869507
421,0.0035950185612705354,0.001026641603061762,0.01115930880577487,0.010680348612368107
422,0.0008354075509942049,5.580979080832549e-05,0.0024584677769823315,0.004106518812477589
423,0.0005681924806708594,0.0002035567591178733,0.0007929719124923906,0.0011212347308173776
424,0.00044126300753077885,0.00016866000976278883,0.0019681321612736724,0.0005028168670833111
425,0.00036940069566071543,7.491718383789703e-05,0.0032934187051711916,6.310984872470726e-07
426,0.000261459481350812,4.18635176515636e-05,0.002364055550611255,9.719144600239815e-09
427,0.0006460781775103897,0.00024997068908305664,0.004623098424886507,8.03934526629746e-05
428,0.0004074783348642086,0.00014404759349417873,0.003907943869169372,0.0007265633903443813
429,0.0003197870004782999,0.00010498836923034105,0.003684301882721286,0.00036420809919945896
430,0.000976935872984086,0.0001006465889190622,0.00020530998109968834,0.0061723943799734116
431,0.0007611215540350713,5.7006140821158624e-05,0.0012796758146400578,0.004598574247211218
432,0.0028291401018236684,0.0007501986527245208,0.000614234270024383,0.012535085901618004
433,0.0012624064713122607,0.00029051901134380387,0.0007990775085513491,0.006964144296944141
434,0.006369668803074546,0.002138396525083408,0.014467839425236662,0.014697322621941566
435,0.017715320911179333,0.01618021343210785,0.14147280212771918,0.020504744723439217
436,0.0010484569178288439,0.0002045778145429722,0.001585430121405551,0.0063090017065405846
437,0.0036498644126936597,0.001023607115030245,0.004011293919722547,0.012804982252418995
438,0.002201638357973934,0.0005851252375350668,0.00018158440177806767,0.009567399509251118
439,0.013547459476683343,0.012833448382991719,0.08884666729776214,0.0179290734231472
440,0.01513191604470876,0.014763003457915147,0.09156658483957614,0.02268844097852707
441,0.002759814060084409,0.0007541281720477855,0.008078374884357586,0.009460411965847015
442,0.0006896170193613216,7.010287885123034e-05,0.006518779206018621,0.003916447516530752
443,0.005711345499662457,0.001797338281392058,0.007628513038815399,0.018533414229750633
444,0.011998045149027803,0.010998560506038757,0.4726854200365729,0.020726867020130157
445,0.000498721959672821,0.00017521451781021824,0.001998055560108014,7.804407505318522e-05
446,0.028681082756577325,0.023827998703495723,1.4281063034282653,0.009855746291577816
447,0.000697371389435375,4.842480365141455e-05,0.005745280813417963,0.003054987406358123
448,0.0007249590609603729,9.760293079352778e-05,0.0007769736506588742,0.0035944597329944372
449,0.00016251611390316612,8.375593552045757e-09,0.00402157576621498,5.684341886080801e-13
450,0.0023023145918728005,0.0005486189396606278,0.008233751078170926,0.009433122351765633
451,0.0037257884155792453,0.0011209194864250094,0.011773862217710374,0.009683797135949135
452,0.0004718384210491422,0.00015204328610707307,0.0009934042446904101,0.000862184155266732
453,0.015571340912345022,0.01419877424899596,0.14256402808173263,0.019568301737308502
454,0.00042414726488004817,0.00011477533706738541,0.004946719135290323,0.0009552169940434396
455,0.002856291624766527,0.0008363115101133189,0.0017665114104445934,0.009475882165133953
456,0.0009326217563625505,8.03327168910073e-05,0.0036278031690102353,0.003781705629080534
457,0.0012240127612699325,9.19807825425778e-05,0.0047022380465708835,0.00569038325920701
458,0.000601359628717546,0.000245237868739423,0.000567602150237434,0.0007983050309121609
459,0.005734537470914347,0.0018452050092037098,0.011456694876045503,0.014805100858211517
460,0.010260577089525214,0.010103642059846152,0.07140566744449117,0.017035257071256638
461,0.0005330734015842609,0.00018305784192307328,0.001416259009815235,2.980829776788596e-06
462,0.0003896917654628851,0.00010809531448785492,0.002971421537395713,0.0010285120224580169
463,0.0004076608291825323,0.00010787555174829322,0.0004374973919123448,1.7824388578446815e-06
464,0.00032081310126841345,0.00010707426628187022,0.0036738466963761596,2.029934876190964e-05
465,0.00024450310542079023,1.8778919979922648e-05,0.0033302325849220438,1.864464138634503e-11
466,0.00022950011293687567,1.2954996009284514e-07,0.0027657612256817288,1.0231815394945443e-12
467,0.000499208048552191,0.00017360032938995573,4.9206802824386386e-05,2.76250320894178e-05
468,0.008408372116377905,0.002970980011809843,0.015301381298870709,0.019608372822403908
469,0.021806238203623707,0.018061917040654407,0.5460349853921791,0.013214393518865108
470,0.021918355790205624,0.020784612493628174,0.12558977037654984,0.027600588276982307
471,0.010879616925137725,0.008978388179400554,0.31746778671383424,0.009004318155348301
472,0.00027884695828106487,6.814777691488416e-05,0.000694043452863724,2.046372537733987e-05
473,0.0037738917460501398,0.0010679457874402942,0.0015828634766030802,0.013821824453771114
474,0.0002862982113356338,8.063096913701884e-05,0.0032454472814755775,0.0005438017542473972
475,0.0002598377569711374,7.0035619785358e-05,0.004503920773766268,5.815302756673191e-06
476,0.02172735759961597,0.00895257835566099,0.023869567415660597,0.037414852529764175
477,0.0010023427195733348,0.00018697080679430655,0.0032958508723410773,0.005720884073525667
478,0.00039379104060799364,4.126827866457461e-05,0.0002321320071523303,2.4159021450032014e-09
479,0.0006924543494619684,0.0002720797124879937,0.0015138088504489389,4.8645590140949935e-05
480,0.003755383628401887,0.001118951108935562,0.013061885384095362,0.01042633131146431
481,0.0014240052769878275,0.00034290749988485913,0.0017355666242941936,0.006857316009700298
482,0.0003532705688940041,8.851635277551395e-05,0.0029511054088224853,8.760054015510832e-08
483,0.014399134764801147,0.005479007385304158,0.018269216138135036,0.026057345792651176
484,0.00026358765313716503,5.7321026702084055e-05,0.001370230930877625,4.69225915367133e-06
485,0.0001098423621215261,6.898739627558825e-06,0.00016254595868048227,1.0231815394945443e-12
486,0.0003917607522225808,0.00012930696317425827,0.0010102230956015035,6.359609869832639e-06
487,0.00036233358150639106,9.132047460980175e-05,0.0025800752829248097,1.8615827457324485e-06
488,0.0006406646060668209,0.0002229216914315657,0.0009630120256591823,0.0011831375304609537
489,0.00026088810062674384,7.892198493664182e-05,0.0037815705566224267,0.00021379435202106833
490,0.0003374773958739752,0.00011120761206484531,0.0025148438197568623,0.0003578790638130158
491,0.0003005061756198302,8.078507653408451e-05,0.005329682352307685,0.00031740922713652253
492,0.0011477321229449444,0.00026004872478324614,0.0019061903610744224,0.006291513796895742
493,0.00023569868756112555,4.2989254495751084e-05,0.004113490912546425,4.466716063689091e-08
494,0.0004186659954257266,0.00010566324345973044,0.004432617391469051,4.362570052762749e-06
495,0.001354939410134648,0.00027408194722511325,0.007724237823182989,0.007144988048821688
496,0.0005209691124150595,0.00014493193731368592,0.0017747423199292456,0.000952668662648648
497,0.0004306774884526021,0.00012437897487416194,0.0006945123134958209,0.0011575774988159537
498,0.0002232912168551593,7.969819205300155e-05,0.004550878166508454,0.00027854714426212013
499,0.0004628225977967304,0.00014831974914386592,0.0006225312669094762,2.8455335268517956e-05
500,0.0005287446203965374,0.0001843577940690011,0.0015195878660687612,0.00039149378426373005
501,0.0008142449983097322,3.6519986679195426e-07,0.0052662534731489075,0.0038495021872222424
502,0.0008101180275730258,3.068182206789061e-05,0.0020274899094996357,0.004528303164988756
503,0.0009183210563037392,0.00011382366494672169,0.0006751478698667768,0.00355257629416883
504,0.0032287321051853723,0.0008826026797237319,0.0016157764063287061,0.01347165647894144
505,0.0002589759216675702,6.493955208952684e-05,0.0031844863121914813,5.093065738037694e-07
506,0.0003350448320702526,8.76210124829413e-05,0.0006985002250790018,0.0008379307691939175
507,0.00043488499255772695,0.0001408507395694869,0.0012567404120016334,0.0004570957680698484
508,0.0005900555395328411,0.00021896190850156927,0.00022807581639305852,0.0002110251662088558
509,0.007977617035976436,0.0027721404196654476,0.0037647237309776926,0.020752307027578354
510,0.00027977811123491847,8.564772127783726e-05,0.0019313452479554627,0.0005698816967196763
511,0.0004403436976758712,0.00013086741245160738,0.005901036114558167,8.723677638045046e-07
512,0.02313210909812824,0.019836175162026848,0.7603894651544394,0.03187135234475136
513,0.00044565868148538357,0.0001254607213354575,0.004370334625024341,0.0009540681494399905
514,0.00027266094980404887,7.870196947123986e-05,0.0006391077412395418,1.3885602356822346e-07
515,0.003088069586965503,0.0008887086052027371,0.010640149057932646,0.009359867312014103
516,0.003479664558312834,0.0009814642389756045,0.0005556428088837606,0.014609277248382568
517,0.0004071722519825016,6.0198688572654646e-05,0.0020796063138632803,0.001580316573381424
518,0.0004482819432496399,0.00011035882670284991,0.007157442771335454,0.0009800135158002377
519,0.00020921392854234,7.806634266671608e-05,0.0019054654201440258,0.0001415301812812686
520,0.00037610285323808057,0.00011740852107777755,0.003360441314832485,2.4669543563504703e-06
521,0.01639863189046764,0.006449783211792237,0.01746702299262992,0.030688511207699776
522,0.0007758400190596149,0.00023301810927023325,0.001015738187948756,0.0016693174839019775
523,0.00011107649578434575,6.466182753683825e-07,0.0008379064834809213,3.560103323252406e-10
524,0.00029652782961875346,6.026555234939224e-05,0.00469791965665145,3.026798367500305e-09
525,0.0003565987257161396,0.000103039313444242,0.0005980217488374961,0.00017524806025903672
526,0.00047978160392858626,0.00016876738777682476,0.0019426899660786034,0.0006469046929851174
527,0.0007512774237170561,0.00028589633905085066,0.0017578439881393848,0.0005432770703919232
528,0.0004812529877540328,0.00017188499276699076,0.0011580441222420745,4.537123459158465e-05
529,0.00033646416602550744,9.806669879708352e-05,0.0005884987038626832,2.742282231338322e-05
530,0.0007695813765167259,0.0002644701382337189,0.004393891158834151,0.0010802347678691149
531,0.0004011003205164343,0.00011225662285596627,0.0035036745186545204,0.0008502634591422975
532,0.00025744177332853724,5.664800437443773e-05,0.003972246801762225,2.463576720401761e-08
533,0.000886420952951994,8.785668853761308e-05,0.0011584999721208078,0.004793029278516769
534,0.010763485430345554,0.010192358481106112,0.09037805464918947,0.0162268728017807
535,0.0004286605810648325,9.555223863344509e-05,0.0018601858426539053,0.0017156798858195543
536,0.0006076481741956741,0.00021142288090914008,0.0003385165542102442,0.0012699515791609883
537,0.0004622252411650152,0.00015654164161560402,0.0006671531929249852,2.971525100292638e-05
538,0.0007382501694337407,2.9552405521826586e-05,0.0022023200382985664,0.004520625341683626
539,0.028727329796424783,0.02383853258737645,0.6379995223803423,0.016971055418252945
540,0.0004978050207000706,0.00018730176321923864,0.0005142031746636633,0.00015242815425153822
541,0.031107860589258962,0.02661627779787068,0.3624164669522436,0.023776670917868614
542,0.0003125479603909298,5.296949353805758e-05,0.00016214435724748455,2.568879153841408e-08
543,0.006207176868656461,0.002095416586485044,0.013893421673841999,0.013536714017391205
544,0.0010558684754755632,2.729036356186043e-05,0.0034767744983081883,0.005428022239357233
545,0.00021135272942274241,6.449571088751327e-05,0.002356951466619961,8.122881990857422e-05
546,0.0010507930348353511,0.00021658232992649573,0.004068771880291422,0.005642791278660297
547,0.00025076658613443215,2.7342269788732665e-05,0.002041945385665045,2.8421709430404007e-12
548,0.004638810685150929,0.0015145080491265617,0.01107014309882004,0.011886706575751305
549,0.007145125260194618,0.0024350759950948486,0.010940859924099655,0.01606789045035839
550,0.0005849997998552681,0.00017588798442602638,0.0026327166514423794,0.0016751035582274199
551,0.0013802852221829198,0.00025970113290441077,0.004135977845352912,0.007416464388370514
552,0.00744945038871947,0.002495114963267042,0.015641053075000855,0.016196537762880325
553,0.00034859164230738315,0.00011926910536885771,0.0027406064724004864,0.00014795402239542454
554,0.005513742358232321,0.001790036381180471,0.014300040792335267,0.012532430700957775
555,0.00027949868223231533,9.217858269039425e-05,0.0014087922570595879,8.649607480037957e-06
556,0.0003183722953963297,4.9631935610250366e-05,0.004831047052617166,2.7921487344428897e-10
557,0.0004278613524206776,0.00013336064364466438,0.0020009200374797587,0.000643667415715754
558,0.0011381023545027347,0.00017481098262805972,0.0013522097599096838,0.006773436442017555
559,0.0004698283441939566,9.780314201179863e-05,8.071504495887893e-05,0.0017890273593366146
560,0.03462773938025521,0.02950770026251348,0.4275981850856212,0.024494212120771408
561,0.006360625935315056,0.002128194831186647,0.004018648036423045,0.018073543906211853
562,0.0019108603415816106,0.00046005680462712917,0.0038924877285175796,0.00873472634702921
563,0.0008259526597953482,0.00019908662147827272,0.0024654184450874084,0.002208482474088669
564,0.0005479016018057337,0.00020058109015508307,0.0012342180449103068,0.00023258643341250718
565,0.04309922278639533,0.03731381112027066,0.4096875786850447,0.02997634932398796
566,0.005091947138566866,0.004740755542400166,0.0731084576962644,0.008447776548564434
567,0.00044405217624898796,8.157403698305643e-05,0.0017107516713465998,0.002259905682876706
568,0.0005350593576167739,3.198297360995639e-05,0.00048048391911059696,0.003147043054923415
569,0.0003441549047238368,7.411831563786109e-05,0.0007558935407487866,2.568716581663466e-07
570,0.0002970299370304019,3.49936476595758e-05,0.0037630948251958785,1.3949943422630895e-09
571,0.0005715856027563859,0.00011101979634986492,0.0002230205042170752,0.002415585098788142
572,0.0002466784422949786,2.602658207706554e-05,0.0011039038894473663,0.0014578299596905708
573,0.0004244432795417197,0.00014926225691169748,0.0019688019965773407,1.2865167263953481e-05
574,0.00016881252122402657,3.494500964507097e-05,0.0016091029190405948,8.755847602515132e-07
575,0.0075335051602678504,0.002509399780478816,0.006906790658042894,0.019781408831477165
576,0.0003451839365880005,0.0001303296555192901,0.0028519773811446214,0.00020046871213708073
577,0.0007486759385528785,0.00024574897690854414,0.006099412164072504,0.001445723813958466
578,0.00021138351985428017,7.566727509811244e-05,0.0020665209250374517,3.574942456907593e-05
579,0.0034756387608467776,0.0009845553219633985,0.0077298059364121485,0.011835007928311825
580,0.00019804026175052059,1.85567574817469e-05,0.0028796068863385926,3.1266381483874284e-08
581,0.003991811208152285,0.001141759407232712,0.00016471118863492507,0.015607409179210663
582,0.006953673346345113,0.0023177540750793924,0.014515762062405457,0.015444060787558556
583,0.0001450787632961692,2.0417376788373076e-05,0.001202958039387525,5.684341886080801e-13
584,0.003912112369505394,0.001200878247914261,0.007477243892079599,0.013454392552375793
585,0.0002865258543351956,6.259797390839594e-05,0.00222259057931673,2.334385271751671e-07
586,0.0004831211103351052,0.00016263044670949967,0.0022660101662363985,3.406228279345669e-05
587,0.0004910525950663214,3.233862923934794e-05,0.001557836082557884,0.0024682870134711266
588,0.002522693211403748,0.0006413623751200248,0.00018634355114066636,0.010612661950290203
589,0.0002726264938246459,6.887783723641405e-05,0.004167269792830552,2.186038727813866e-06
590,0.00026942746541180895,9.227699297298386e-05,0.002344068324617865,0.0002571789373178035
591,0.018246820990157175,0.015448990592972223,0.2993710867584092,0.015046754851937294
592,0.00019395000430222353,2.3468260224035475e-07,0.00038721962366849993,1.028865881380625e-11
593,0.005191056369312719,0.004773571135842758,0.07542375430381298,0.008382021449506283
594,0.023705141696495957,0.02105241559837623,0.20629876290447768,0.023374618962407112
595,0.015048305654886462,0.005753798065825322,0.01682761380543596,0.02992473542690277
596,0.0061639517130060995,0.0056931633397425685,0.07724677027619364,0.009663604199886322
597,0.02391267776249606,0.022337269064621523,0.14036616881729813,0.027461905032396317
598,0.0008681615312298163,0.00021812162543710656,0.0013911176219671972,0.002378029515966773
599,0.004491401377265447,0.0013712733342003958,0.004520693961348243,0.015999628230929375
600,0.0004647786264513343,0.0001154567025309916,0.003206622158529626,2.7811086056317436e-07
601,0.0003753324623403387,6.254484105738811e-05,0.003379817704384891,4.9517154820932774e-08
602,0.008653082749503938,0.0029101657753471954,0.011499775745024365,0.021941399201750755
603,0.02565075494641178,0.022469132737114705,0.24413493537203124,0.024552982300519943
604,0.0030394461670653072,0.0008572392463292999,0.0022002838456760543,0.012034752406179905
605,0.000689628995246494,0.00026344556908952654,0.0007120537567448793,0.00036270759301260114
606,0.00033691692703996523,9.991576530410384e-05,0.0013480960586313984,0.0003945650823879987
607,0.006637543271665436,0.005430885402461172,0.5477940632453446,0.012974957004189491
608,0.00024513272427384436,5.652084195162388e-05,0.0016998789643771772,0.0007252380601130426
609,0.0003024594149110271,4.8667162502624706e-05,0.003998748793362594,2.149818101315759e-10
610,0.0004669441901796745,0.0001560783914555941,0.004884059316751177,2.3472470275009982e-05
611,0.0028850891048364247,0.0007595257409320766,0.006985544984543068,0.01247447170317173
612,0.0003015183189631898,8.318411346408539e-05,0.0023868102350590448,4.840966721531004e-05
613,0.016959931796122873,0.014405309407493405,0.2792390746860711,0.015382098034024239
614,0.0002975724501652621,7.78075568064196e-05,0.0006002181748208102,0.0005972546641714871
615,0.0005935940230870074,0.00017333694495391683,0.0008533681851226049,0.0016694733640179038
616,0.000384711952563066,0.00012570474120821018,0.0012849241160530767,2.2321264623315074e-06
617,0.01872407151410016,0.017707621663134887,0.44832221346859313,0.026930920779705048
618,0.011944471435583637,0.01104102239276017,0.11154701611920714,0.016504332423210144
619,0.0004125319277932249,0.00015070396881355919,0.0044222976264478575,0.00010087854025186971
620,0.002526607656932356,0.0006915780983263176,0.00871396663153412,0.008646239526569843
621,0.0004379502447022787,0.000161841468923285,0.0001702251737221161,0.00015669441199861467
622,0.016036057329529285,0.014923196374468262,0.11557920528010257,0.01991373300552368
623,0.0003890389211278489,0.00012549462229571873,0.00012346347982372663,0.0007734738173894584
624,0.0032391873646133718,0.0009226678520803944,0.013773938713017131,0.009362648241221905
625,0.0007781121518632972,8.826652907600874e-05,0.002304890522484726,0.003194793127477169
626,0.003707516394911181,0.0010416449169952102,0.004940590947610346,0.012726109474897385
627,0.0002638947091782029,2.9732733992204885e-05,0.0009656977945660117,1.138459992944263e-09
628,0.00037622251574020993,9.284540993803603e-05,0.00011463093507835254,1.4206685818862752e-06
629,0.00027684035967467935,1.7733376466821937e-05,0.0009108615299577849,9.094947017729282e-13
630,0.00040400973182386224,0.00014329580795902075,0.00037004561095344,0.001144028385169804
631,0.009645260103866349,0.0034363621443276315,0.009042681487953175,0.023929262533783913
632,0.00043730773643346765,0.00010428819678054424,0.0016651292475415858,6.0002776081091724e-09
633,0.00013193268802069724,9.175339414468908e-06,0.002000954538875277,9.094947017729282e-13
634,0.0005662342920800256,1.3544197315695783e-05,0.00782983933064152,0.003124136244878173
635,0.0009726691197329274,2.504445990325621e-05,0.0013105577095835486,0.004918056074529886
636,0.0004929837650706759,0.00015439974504261045,0.0013980569281351052,5.596884420810966e-06
637,0.021033410534926134,0.019646205601702604,0.13704820011219,0.025638198480010033
638,0.0009673508423588828,0.00011440025775755203,0.0008032359255558674,0.0038511340972036123
639,0.010822715544406947,0.00397194679101176,0.004795557100244707,0.02693542093038559
640,0.00029885871202850467,7.957468750419139e-05,0.0031838837732394154,3.325819125166163e-05
641,0.003096201764947182,0.0009512647802694119,0.0017322193136184438,0.010161779820919037
642,0.00061188584180627,4.9758456157178443e-05,0.0021906213360658455,0.0035167764872312546
643,0.003350823220159782,0.0009554291698350426,0.004879898485212308,0.0118504473939538
644,0.018727320976267947,0.018442234154804282,0.24111123271347168,0.027981240302324295
645,0.0015423320942886676,0.00037414772015154085,0.002936462780947835,0.007868141867220402
646,0.0005480910944584139,0.00015982927607183228,0.0020287082000098877,0.001243844162672758
647,0.0003730176829321863,0.00014719049329414702,9.389842731977183e-05,0.000132091372506693
648,0.0003682335718053764,0.00011083809965839464,0.000699216385182666,0.00012154386058682576
649,0.0006577464466204219,4.1755666643439326e-05,0.000398317556554062,0.0032209684140980244
650,0.0005662711738523285,0.000182360441954188,0.0034363104597439076,1.0691229363146704e-05
651,0.0003559211054948719,0.00011693883976704456,0.0009135244936722131,6.603220390388742e-05
652,0.0007693699125752573,0.00016288710543221896,0.0015701042582403346,0.0021845244336873293
653,0.00936865781608276,0.009128652989147668,0.07261761042138204,0.015491642989218235
654,0.0006206353188531466,2.811835338434321e-05,0.002875000393995464,0.0031295819208025932
655,0.0004082035733290468,0.00012129438164265594,0.005187303129989829,8.917744480640977e-07
656,0.029283340701113048,0.025838123888149767,0.24817151770672652,0.027691833674907684
657,0.0005732707192009912,0.00020862657652287453,0.003829252747463485,0.0004385182401165366
658,0.0006379215624292556,0.0002318873204103511,0.0032575710880600184,1.9591921954997815e-05
659,0.004499561611851277,0.0014268921902385046,0.0109909837935529,0.010704793967306614
660,0.0001409911500331873,1.140654654818718e-05,0.002736831513123761,2.7030239380110288e-08
661,0.0007237874833094793,9.146692269723644e-05,0.00046627777745023025,0.004193005617707968
662,0.016480581155178697,0.014636763059115765,0.1722355107637128,0.018217310309410095
663,0.008966531182807103,0.003085379675724198,0.010866106601250536,0.024252314120531082
664,0.0002442238626940707,5.262977089159904e-05,0.002056215108952486,1.7457244894103496e-06
665,0.0003545439651588822,8.373940238470823e-05,0.0008023194705959469,0.0011629300424829125
666,0.0003886804719286374,0.00013811658647000513,0.005614157554676424,4.953832467435859e-05
667,0.00033096570990664986,0.00010808713460619401,0.002165275486252227,0.0005849188892170787
668,0.0022001000785962788,0.0005477704686995821,0.006756880467372994,0.008926116861402988
669,0.0002937936630473814,6.596996246344133e-05,0.004789425981213569,7.001659128036408e-07
670,0.0023995209185159183,0.0006386194808101209,0.011528403865154857,0.008005392737686634
671,0.0003940941416544774,6.809786930261907e-05,0.0032178700528131543,4.718003765447065e-12
672,0.0007968745385937837,5.792443755581189e-05,0.005062407726667217,0.0034226635470986366
673,0.00032962600016617216,6.702060517227437e-05,0.0015638293119550895,2.471010134286189e-07
674,0.0007211097376398357,0.00011681674726560232,0.0016321115411646048,0.004448593128472567
675,0.0293618890526659,0.02828360929737528,0.12907983531826162,0.03617393970489502
676,0.006281948426931194,0.00204150749522114,0.007673538643679478,0.019431663677096367
677,0.010741262738349633,0.010239111088822028,0.3460199869222649,0.01799102872610092
678,0.0012624371796050582,0.00015474880325427876,0.006898528707015572,0.00585415493696928
679,0.006021723135802404,0.0018908320689661196,0.0062980334439792784,0.016939567402005196
680,0.015197952133860326,0.012567908293590335,0.3697979842062882,0.011118410155177116
681,0.0008245842864766928,4.318649303058919e-06,0.0040173852033849045,0.004189714323729277
682,0.0005882159395582676,3.357965999839507e-05,0.002954424089130825,0.003497363068163395
683,0.0029799423655845203,0.0008181076370874507,0.002004542979586077,0.013040714897215366
684,0.0006347909026089837,0.00011784073177523169,0.001002803566043653,0.0020214193500578403
685,0.025266798832092263,0.02269881447142552,0.19610288486315142,0.0255508441478014
686,0.0058672115433182626,0.0018533011871681992,0.00982293656141131,0.01687808893620968
687,0.0032000629207118436,0.0009172205768095409,0.003936267505075364,0.01112285628914833
688,0.0014830932092309013,0.000340980924647738,0.005724538533261381,0.007500761188566685
689,0.0003090355532435751,9.171519150186214e-05,0.0028429776087950387,1.3718112313654274e-05
690,0.0031015127062801184,0.0008859936015710446,0.012071363897195653,0.00880997534841299
691,0.014018526662766817,0.005150787963259518,0.02736040891715774,0.02609402872622013
692,0.0007298576496168607,0.0002842649172976053,0.004185962522615938,5.706124284188263e-05
693,0.0005511797692179243,0.00020569577566220687,0.004054147812615483,0.00010487896361155435
694,0.0006444007521508865,0.00022067440153250573,0.00039982003135641264,0.0003953169798478484
695,0.00034546801589385723,5.6094292403940926e-05,0.003385041723436899,1.2705532981271972e-07
696,0.0003813107625205703,0.00010117443918034041,0.00039384082865900893,0.0007860868354327977
697,0.000681073325381476,0.00023279867195924453,0.001747203597567193,0.0009416735847480595
698,0.023777963472468855,0.02169436362896704,0.16716168376999008,0.026372462511062622
699,0.00022674009017009666,3.97072844862123e-05,0.0021362666379065587,2.854915237548994e-08
700,0.0003178290030518838,7.165858738744646e-05,0.0020897195596969453,2.3785596567904577e-06
701,0.0009524709375909879,0.00010098984836304226,0.003001690015581815,0.004055376630276442
702,0.018578531110108543,0.007304173957493276,0.016083295322816937,0.03589913249015808
703,0.0005923739020090579,8.748258949253795e-06,0.0024505132158925136,0.0034585543908178806
704,0.001442762353804028,0.0003018595492108034,0.0049562057281846705,0.006877525709569454
705,0.0005133768497103119,0.00014579448435370068,0.002202216128992518,0.000978676718659699
706,0.0003517701109103655,7.678582858261507e-05,0.00038184850161115946,6.3344981526825e-07
707,0.00036171949545860116,6.0862091231683735e-05,0.0009882733606616512,0.001509142923168838
708,0.0009285270132295409,0.00015941657539997323,0.004641678459565313,0.0057870373129844666
709,0.017425116746323965,0.015962173839000116,0.14055119673147587,0.02107473649084568
710,0.00042323192843696233,0.00015434179920248425,0.0017632330007941732,0.00013966696860734373
711,0.034068801888849976,0.03236059594661356,0.15396182905330136,0.036727264523506165
712,0.0006916837713788482,0.00011619030698284405,0.0016516779107327295,0.0023979763500392437
713,0.00017636135726206703,1.0742422546172747e-05,0.0009390250295062685,5.376250555855222e-10
714,0.00032960905508616634,8.416997468430054e-05,0.0030714713030413066,0.00018287726561538875
715,0.0010766435900677607,0.00021240324861082627,0.006187722805195861,0.005215255077928305
716,0.011334840474205521,0.004160849520758347,0.003021661031537448,0.02948632650077343
717,0.00030160567069970057,0.00010326722963327484,0.0037192457437384974,7.632312917849049e-05
718,0.0004757024606192317,0.00010591290771344575,0.005835544529039893,0.0012630661949515343
719,0.00035063295837289843,0.00010514609169831601,0.0005354618810624601,2.7098572900285944e-05
720,0.0004700853447161535,0.00015555028573999152,0.003933605565014986,0.0005571185029111803
721,0.0005073087065170512,0.00013712940369714488,0.0011429482079439168,0.0008481125696562231
722,0.0001468720394086631,1.8340563656238373e-05,0.0028143756909386752,3.389288849575678e-09
723,0.00034879890085903753,0.00014772554072806088,0.001391775293205555,0.00038417967152781785
724,0.00036026088793050803,0.00012693367881411177,0.001357028819050754,4.23374876845628e-05
725,0.018167232764483288,0.018123165013889775,0.09611446382113797,0.02717074193060398
726,0.0004465892808411809,8.132616511602464e-05,0.0032133308841491015,0.0015389210311695933
727,0.00132805095159938,0.00030574136962968623,0.007987714659442702,0.005389743950217962
728,0.0006442916030664492,2.3949044134496944e-06,0.00010512016373631639,0.003286511404439807
729,0.00047279860831395126,0.00014471814876060307,0.0027251845250013673,1.2598752618941944e-07
730,0.00035970950455066486,8.136018675486412e-05,0.0009897821689346387,0.0011825186666101217
731,0.0005425190440746519,6.2305842902787845e-06,0.004705237806161833,0.0029967327136546373
732,0.0004978156212018803,0.00013625539025952094,0.0011270404706511528,0.00094029022147879
733,0.0005585530909115732,0.00018707452852595452,0.005164770916472605,0.0004678111872635782
734,0.0013149218660259976,0.0002517871086524792,0.0012613969155843563,0.007990916259586811
735,0.0005671848200563545,0.0001941196787242916,0.0011846658775542807,1.4340293091663625e-05
736,0.0005133739585403418,0.0001523466751223168,0.0012329149388961014,1.005408876153524e-07
737,0.0006020878271897345,0.00023377255769219119,0.00041531014246309894,8.301116031361744e-05
738,0.000624087492894887,0.000248319603656455,0.0016764517183212035,0.00011503322457429022
739,0.003765008715447493,0.0010598799743206655,0.01716679057778947,0.011026815511286259
740,0.00022742206130033082,5.3512997226334846e-05,0.001541216339253637,4.35004858445609e-06
741,0.014135332121725241,0.013961682371473216,0.08478769429304123,0.02172875590622425
742,0.0004212804064422926,0.0001223583851128751,0.002396611479808186,0.00031883077463135123
743,0.0003036812338450545,8.667291984920666e-05,0.004711662680204398,5.988162229186855e-05
744,0.011646119889519468,0.004233448280785979,0.021335063322036163,0.02226073108613491
745,0.0007359290855220024,0.000206175456071378,0.002642646752549993,0.002306203357875347
746,0.00038686338336901827,0.0001277963258417003,0.0008208885447942293,0.00018076390551868826
747,0.005657514980839551,0.001768519250049394,0.00469857515725991,0.01834384724497795
748,0.00032119836288302395,0.00013936734683284158,0.0001828878843426196,0.00012794909707736224
749,0.0005242997301593277,0.000179596460270659,0.0010301309889815258,9.15087221073918e-05
750,0.0007539777031411177,0.00023741447989777953,0.0008097045529229518,0.002013284945860505
751,0.001612341013412788,0.00040262731755547065,0.007155203956916267,0.008070181123912334
752,0.00067839946393633,0.0002519514513323884,0.003527712650248205,0.0003665169351734221
753,0.0006346432278974135,0.00018790967186532725,0.0017118529325088616,0.0015914376126602292
754,0.00023903612975573196,4.736419549544735e-05,0.0009215763520700193,1.3200389048506622e-07
755,0.000528995108993513,0.0001736503792244548,0.00022710551964166825,5.343878910935018e-06
756,0.008541882848021487,0.008537123135567981,0.040227507897540704,0.015493945218622684
757,0.011538131058330237,0.004165004286164731,0.021795898208457842,0.023002710193395615
758,0.012550405176227741,0.010826714459199138,0.6003011572732433,0.021340850740671158
759,0.0004766089480199298,0.00013444978463894586,0.0015275391950027029,2.7046286277254694e-07
760,0.016845089910589195,0.015809543347131694,0.10361317310862361,0.019881557673215866
761,0.016442755720788682,0.014551129712799593,0.17411168981758962,0.017776785418391228
762,0.00038719626741112734,0.00012637504738677308,0.002160676224956859,0.0005668765516020358
763,0.0008812465906657962,0.00014686916273376482,0.007719324303405273,0.004552483558654785
764,0.0018313998571670709,0.0004384200232721014,0.004684696387762699,0.007971856743097305
765,0.03802111680835196,0.031817741424106316,0.8351107567609173,0.018219243735074997
766,0.00034920531817306255,0.00011644975830904514,4.21063052158388e-05,0.0005816591437906027
767,0.008407563189450684,0.008155356638496869,0.06984142091005907,0.014032382518053055
768,0.002270253180711279,0.0005513305366093846,0.0011035494316207206,0.01118907704949379
769,0.005426540869166274,0.004951181041178643,0.08433549430889897,0.008413978852331638
770,0.0010952318880868006,9.494433504642075e-05,0.003679807286337322,0.006589636672288179
771,0.0005760798818528201,3.875431184496847e-05,0.0018656889007662159,0.0029365941882133484
772,0.003487671777236301,0.0010242972031164754,0.0007790758320744828,0.012234638445079327
773,0.006355448484214321,0.006289827502143908,0.0555832556159892,0.011835354380309582
774,0.0004600174365236853,0.0001781424494993189,0.0017875607837325447,0.00013570896408054978
775,0.000258540170705146,6.579573386034099e-05,0.0005686170957233116,3.7170045743550872e-06
776,0.0053452967380280825,0.0016252291090381732,0.01075791505865098,0.01482177060097456
777,0.0003600729205004427,5.903341337898382e-05,0.000226101468051354,4.3655745685100555e-11
778,0.0006075888356917858,0.00014502644773983775,0.004209333987027719,0.0022481491323560476
779,0.0008661751236331838,0.00012850343182435608,0.003790514503553055,0.004691019654273987
780,0.00022962047449937018,6.314144638963626e-05,8.375670633142818e-05,0.0004738576535601169
781,0.02111465496676601,0.01774508602017022,0.38824189704846646,0.01461784727871418
782,0.0011023684310202952,2.4489779320902016e-05,0.00030558956814275007,0.005702990107238293
783,0.0013457858376568765,0.00032307568704936784,0.015966772993602163,0.0043305628933012486
784,0.0022630922005646426,0.0005784245620361617,0.007130454866160818,0.00821605697274208
785,0.0038305506822666757,0.0011826670498180647,0.0016544631243604613,0.01373088825494051
786,0.0017286226701003216,0.0004234936246234611,0.0026561733243557484,0.008128596469759941
787,0.00015013846774536432,1.6003959331101214e-06,0.00318316691756948,1.2232703738845885e-10
788,0.0007155669229064188,0.0001204451239118498,0.003001220760380008,0.002851278055459261
789,0.0009454207684598259,2.9279290856720763e-05,0.0034288358986103162,0.00507366145029664
790,0.000265443724515535,9.96319403157031e-05,0.0024253204844626453,5.1892176998080686e-05
791,0.007016939128334343,0.002380123664806888,0.0017257813961393254,0.021058181300759315
792,0.04646692000744679,0.04301054173686225,0.21002447672954716,0.04283859580755234
793,0.015273980595452485,0.005818889934801064,0.017558225985542464,0.03169972822070122
794,0.0005728249908543148,0.0001895009681902593,0.0027520894933648066,0.0007477842154912651
795,0.0001874845409588488,2.1073116101888445e-05,0.0019438236493627414,2.3695650952504366e-07
796,0.0004497839738633047,0.00016467635913386403,2.903331282411159e-05,3.2351454137824476e-05
797,0.02603396399359781,0.022790808909519455,0.2558356335648462,0.02247326262295246
798,0.00046510580921221845,0.00017754487873844482,0.001010351241362173,0.0006382606225088239
799,0.0019567054448543786,0.00043574507293442366,0.003140297976338857,0.009892099536955357
800,0.0024173120664272574,0.0006264989225996942,0.0046842684161632064,0.010532217100262642
801,0.00022533829252324722,1.1533704935118294e-05,0.0023425205485132494,4.479318249650532e-09
802,0.0005426477598007295,0.00015069973073877918,0.002533227669326621,9.336753237221274e-08
803,0.006375201121898044,0.002196118846313766,0.007089704131377772,0.018214363604784012
804,0.0007811845079572777,0.0001846954626216757,4.775463053618978e-05,0.002074282383546233
805,0.0003763592854966191,0.00011776601104429574,0.001891281180595783,0.0003506701614242047
806,0.002821823215299446,0.0007847703934089623,0.007666694504445459,0.009630056098103523
807,0.032373484059917246,0.029260389697356004,0.20814118188174646,0.03179824352264404
808,0.00028795075530752,5.189479179534828e-05,0.00035029039711531595,9.800244242796907e-07
809,0.0012736886375250833,0.00022773226345407238,0.0025428561770368674,0.006571872625499964
810,0.0016235647624398553,0.0002798120119109626,0.0014313316809744236,0.008147976361215115
811,0.0007419504299832624,0.00023893259140095324,0.0004184843317212028,0.0010788320796564221
812,0.02257249680701534,0.018594276295971213,1.2269907186268547,0.008691860362887383
813,0.0002928585046788612,8.351329080369396e-05,0.0032473837210194034,2.8128893973189406e-05
814,0.00045901840485385037,0.0001073933134989602,0.004591401856007593,0.0010416674194857478
815,0.00011849401630570355,9.228547412476473e-06,0.00013182079356610643,1.0857093002414331e-10
816,0.0003497537144312446,0.00010285947104193838,0.0018256743843885204,1.744822657201439e-05
817,0.0006170700422103437,0.0002208786348205649,0.002698625339856875,3.733497578650713e-05
818,0.011379198286249448,0.010300854173237894,0.4916033917975753,0.02052680030465126
819,0.0007301122473677424,0.0001353342822767445,0.003972183107576299,0.0030947059858590364
820,0.0001947237947206304,2.320793157650769e-05,9.691599685446306e-05,1.8616333363752346e-08
821,0.0002670555196573332,6.337251090826612e-05,0.001758906481221345,0.0011272092815488577
822,0.0004785985180433272,0.00017105609919099152,0.0015686139747490557,0.0003540731268003583
823,0.0008701075395833868,2.7154689519193198e-05,0.0024122671772790483,0.004613495897501707
824,0.0007711560813277174,0.00012714752239162408,0.0024882239809365103,0.0034460558090358973
825,0.000597398506670288,0.00021979328744237137,0.0020759922242117312,0.0005242191255092621
826,0.0016543168179623535,0.00025811328060854066,0.002705982022364495,0.008652362041175365
827,0.000521855427052742,0.0001913259883963292,0.0002760769732326196,0.00017172424122691154
828,0.00023429659830753735,5.066403934961272e-05,0.001398749769601082,4.8443666855746415e-08
829,0.017017054699806522,0.015657298002395237,0.125763536853281,0.01928352378308773
830,0.00042540684592040634,0.00010949887587230478,0.00058187328448156,0.001024339348077774
831,0.0003034871570548603,0.00011212937641857934,0.0005798149957279009,0.00020612066145986319
832,0.0008246070886457346,5.852673751860493e-05,0.0052010063812968355,0.0045357635244727135
833,0.0003058448128854252,3.803426045578817e-05,0.00019882462146370017,1.8758328224066645e-10
834,0.00032786550013952365,8.59138336295473e-05,0.0018560911021552329,8.972054388323158e-07
835,0.0015448582571480074,0.00022882329460571782,0.00023385484057136807,0.008157468400895596
836,0.00034828562417033027,5.992619884409578e-05,0.00010975317090711201,3.1301055969379377e-08
837,0.0004319678570823271,0.00014358850762619113,0.0026388896185736144,0.0004456690512597561
838,0.000410031615558637,0.00012092281605191602,0.0010738737410811439,1.5484333744097967e-06
839,0.0005679059839280853,0.00019219326316033403,0.00030221149735965014,3.89530323445797e-05
840,0.014256157068302855,0.005269254631286913,0.016365856081607788,0.028721019625663757
841,0.00042415594975864224,0.00011202143269883891,0.0036231284723360346,0.0015623082872480154
842,0.0004175483881567743,0.00015532144834651262,0.001829722805997136,3.3330510632367805e-05
843,0.00023757622636821907,8.286692371939353e-05,0.0007397759707483686,1.8512057067709975e-05
844,0.00023823069682293863,4.511344496904712e-05,0.003226615978066505,5.32592252966424e-07
845,0.00016726138670719592,4.035945153191278e-05,0.0035086133697639355,0.0002335599419893697
846,0.0005631387154494405,0.000215475037066426,0.0028855385123822686,6.759002280887216e-05
847,0.0006596318528409029,0.00012060475057751319,0.0008559364533127223,0.003062510397285223
848,0.011695491198906893,0.004235130166875933,0.012895216899821094,0.028124824166297913
849,0.00067445645368025,1.52032066580432e-06,0.0018275947062385,0.0032704498153179884
850,0.03439865301697864,0.03409143882413446,0.23020391374068438,0.04349251836538315
851,0.0004101396834244042,0.00012678853977377003,0.0004173280902826093,7.798381375323515e-06
852,0.011567564960557775,0.010825789527700636,0.10580184392951608,0.016764285042881966
853,0.00020794139550162072,5.770726448872665e-05,0.003764070843367051,7.816172001184896e-06
854,0.00018917626624670447,4.484164099949339e-05,0.0018605336041872533,4.041038209834369e-06
855,0.00953646582655665,0.0034732608053218428,0.013351211212228264,0.020892798900604248
856,0.008040076757140469,0.0027659747472625895,0.012378219410084768,0.01801869459450245
857,0.0005956215986770985,1.66347498407049e-05,0.00046896918424366163,0.0035040052607655525
858,0.0009757064231052937,0.00016632323507792535,0.0021682153204807264,0.005105468910187483
859,0.0006327719660816911,0.00022448486959092406,0.0011238517177645235,0.0010057030012831092
860,0.004803123478382076,0.001581475609896188,0.00481717728617248,0.01311554480344057
861,0.007566363075852678,0.002630153652660283,0.012067837678234383,0.01740172691643238
862,0.01771684273825258,0.016604050896830813,0.11326716135227954,0.020645461976528168
863,0.02954797689181987,0.026853362818144433,0.19847068503950283,0.02734069526195526
864,0.0005480582889276775,0.00020043698452809622,0.0039283026011389666,0.0002929051115643233
865,0.0006800518822842605,7.786027708789334e-06,0.001353249397128664,0.0031753263901919127
866,0.0002907037193153883,9.762733191109874e-05,0.002716582144667967,0.00033045565942302346
867,0.0034054922834343415,0.0010447209772905808,0.008048615305686013,0.011011754162609577
868,0.002452583329557001,0.0006353754375822973,0.008066366810995262,0.010615249164402485
869,0.004584245192972958,0.0014339563438738878,0.004990978473998098,0.014000426977872849
870,0.0008775713897648529,0.00018533020488575858,0.00209184836661791,0.0027926356997340918
871,0.0012939439739625413,0.00029919077269369154,0.006251563247598568,0.0067979758605360985
872,0.0007026762956456878,0.0001879806297893083,0.002889064659456153,0.0023763724602758884
873,0.007805827958293321,0.0025704501566110594,0.013890709107496235,0.017725268378853798
874,0.00035021884866637265,0.00012891829533145938,0.003741742990207797,9.660449723014608e-05
875,0.001350620954895021,0.0003033873393860631,0.0034265011133545187,0.006600834894925356
876,0.0004492648607197225,0.0001452426091077541,0.006075303389676989,2.1241083231871016e-05
877,0.008649088277991268,0.00300370860060184,0.02119070689365543,0.01788853481411934
878,0.004881985602651184,0.001504541161580164,0.004092790300411764,0.016112010926008224
879,0.0007171665704390762,0.00016598461553485322,0.0017585889949582878,0.0020694565027952194
880,0.010843861135867883,0.003968565024251802,0.012755944320625545,0.022540494799613953
881,0.0035236354645462598,0.0010050122629650104,0.005706192346753625,0.011232098564505577
882,0.006064067896659253,0.0019626991467589505,0.013689951254649557,0.014208797365427017
883,0.0003090622683998845,6.706363905095714e-05,0.0017734898587811188,1.0732037480920553e-10
884,0.0001139914995746949,2.1429964647268207e-05,0.0019303868846893835,1.7088575532397954e-07
885,0.0004413352969550033,0.00014883405407317696,0.0031730491204768896,0.0004346584901213646
886,0.026226354774905758,0.02390230750080491,0.1811062318472203,0.02651447057723999
887,0.0002592493930819728,6.001389505172483e-05,0.002950714820727285,6.093083015912271e-07
888,0.007967198065955472,0.007895444275050068,0.06448061327498777,0.01391534972935915
889,0.0003475637828955769,9.350984458933453e-05,0.0029428506251623077,0.0008777454495429993
890,9.176152860845832e-05,4.976924969923857e-06,0.002944129727703526,9.094947017729282e-13
891,0.0003226024977607267,0.0001015308800447201,0.0024081679135132816,4.26614387833979e-05
892,0.007383329746801337,0.0025621526581858234,0.008947655254281983,0.016245445236563683
893,0.00046903782009621864,0.00014940004371055693,0.001326350339866167,1.9458237147773616e-05
894,0.02141214432901961,0.017656117256819925,0.7835669288415907,0.03352560102939606
895,0.0002092048888471254,6.337697647040841e-05,0.001995217416800088,2.7824520657304674e-05
896,0.023391348607560758,0.022305174654263737,0.44649313715674666,0.03312361240386963
897,0.0003740128640288276,5.45262234936672e-05,0.002123075550688469,2.447677616146393e-10
898,0.009384269587428662,0.003251569536473653,0.017717816245502505,0.019565317779779434
899,0.0006562341820881556,0.00013322637772716917,0.002508467880645071,0.002086738357320428
900,0.0006375775731157773,0.00024909296570285733,0.004451592383396985,0.0005538280238397419
901,0.00021385184828659476,1.3136738800767489e-05,0.0027369545089044323,4.547473508864641e-13
902,0.0004579224175813579,0.00016505676666156432,0.0001561319761371749,0.00014340718917082995
903,0.00028400553088658853,8.832111456058556e-05,0.0005957133504495005,1.757835525495466e-05
904,0.0002878132929708954,6.247201309861339e-05,0.002744014775338144,2.068617277473095e-08
905,0.0006834765677581345,1.597526915020353e-05,0.0003990278091414723,0.003840680466964841
906,0.0003910492758336659,0.0001433564449939695,0.00313197622724104,0.0008435273193754256
907,0.03755055569774868,0.033516228797338954,0.25641740585774997,0.033236294984817505
908,0.000592673695450685,0.00022962743497600968,0.002489722957578877,0.00013561605010181665
909,0.00047353950100159636,0.00011804236442003457,0.004327158940517606,0.0012296297354623675
910,0.03446727393964011,0.02990144030115971,0.33830712020959197,0.026984238997101784
911,0.0033845906067426768,0.0009466318818454056,0.004500895493057655,0.013644830323755741
912,0.00035225443934905343,7.302736378278496e-05,0.0036255597532477424,2.273492327731219e-08
913,0.0001714695338250749,2.3262018828518194e-05,0.0008695789678689891,1.4685554106108611e-08
914,0.0009075575127326374,0.00014168554952220802,0.0009204970011147395,0.0034496875014156103
915,0.0038415751140519205,0.0012091409083723192,0.005861910511249846,0.011078091338276863
916,0.011317935542479063,0.004249314074797894,0.014799022704124809,0.02258836105465889
917,0.012203193278878643,0.011271392798391844,0.45667764117097676,0.020252617076039314
918,0.0002498848566006018,5.986283218817334e-05,0.0012559425339624397,2.1509131329366937e-05
919,0.02333462638017636,0.023161123157422026,0.09911264018366239,0.030527165159583092
920,0.01210310101663481,0.008460926530403867,0.8505245811470061,0.02149217203259468
921,0.005586410920898288,0.0018172392051951647,0.010645199098163971,0.013155699707567692
922,0.00032696674196586173,0.00010070483114077433,0.0003759274542538549,0.00012179212353657931
923,0.0007642149452635749,5.6130880182081455e-05,0.0027706010482795307,0.00414494751021266
924,0.00028538166145608557,7.240921172524395e-05,0.00025961707658339606,0.00016545879771001637
925,0.00038368697931900897,8.239279162580715e-05,0.003961559394157987,3.962992423112155e-08
926,0.00017154421743725834,1.0820752493145847e-05,0.00047059729270770845,8.821473329589935e-09
927,0.0037207651205335424,0.0010756953400345992,0.014762271033347929,0.010189625434577465
928,0.0002743129212490203,0.00010974549815045975,0.0013696329426622356,9.012928057927638e-05
929,0.023145906540946726,0.020096719196089907,0.25812514985601354,0.021242085844278336
930,0.013537819183056854,0.010933930389342095,0.7216804605805685,0.021229224279522896
931,0.005641196182921249,0.0017600752908037975,0.016235007389319378,0.014282885007560253
932,0.00044777375188687074,0.0001378809654397628,0.002819727523458937,0.00042730019777081907
933,0.011453421870157854,0.004264998712187662,0.01303060815311774,0.02428370527923107
934,0.0004794069622562347,0.00013929141061908012,0.0015353503502399946,0.0006401462014764547
935,0.00024606575749430704,8.877792629391479e-05,0.00029401281233809584,4.7845249355304986e-05
936,0.010542752857077176,0.00930144829578694,0.14136125069381578,0.012718898244202137
937,0.0004590819517034106,0.000129776737139764,0.0006524196539103855,1.62422429639264e-06
938,0.007707556731929799,0.0027394844787522743,0.011668434706587405,0.0163841862231493
939,0.00029663836119198095,2.489673835270878e-05,0.005222600727533333,8.469669410260394e-12
940,0.00018968365418459143,2.0068297317266115e-05,0.00011944479907910477,1.6220269571931567e-09
941,0.0006683309127311077,2.286929264982973e-05,0.0006955141928699504,0.003536390606313944
942,0.0003119810782550303,4.5327716350129776e-05,0.0016966284990331815,1.8839415361071588e-07
943,0.0005174292909941869,0.00019947237416317876,0.0038540218996896414,0.000741305120754987
944,0.012464149979223293,0.004508234262232236,0.013260255708596347,0.028358958661556244
945,0.00012501000344400381,1.7975661876334925e-05,0.00160366927232225,4.2705323721747845e-09
946,0.0005083027091359327,0.00018415237258295747,0.002364681548426617,0.0009563908679410815
947,0.0007155585163332034,0.0001930991624590206,0.0015626519262035288,0.0016999326180666685
948,0.00021432363558915313,1.558204530738294e-05,0.004247079299346979,1.2880718713859096e-10
949,0.0003957679166433081,0.00013280636051149486,0.0061647527867769725,0.00016856839647516608
950,0.0007249086386877934,0.000171288848491713,0.0027431301797378183,0.0019160485826432705
951,0.0002050102988278013,6.287584642450383e-05,0.0022626814688528896,1.4461500541074201e-05
952,0.0005775807561576585,0.00021617987619038104,0.004502733631579048,0.0006575222359970212
953,0.000390673447611789,9.747029417894737e-05,0.0004260467518548694,8.450788300251588e-07
954,0.0004966383082773973,0.00016673529353283811,0.00429449464451892,0.00125123281031847
955,0.0006944424470134436,2.59674679341515e-05,0.0009823905212442696,0.003332434454932809
956,0.0005921815476312986,0.00022689684743681937,0.006607614058587785,0.00018389792239759117
957,0.004714291629511536,0.0014989104893174954,0.005475713556526429,0.013691035099327564
958,0.0005928251456452927,0.00020466403668706334,0.001772046216155232,1.0365399248257745e-05
959,0.00015319380662504045,1.5730699431060202e-05,0.0016022096746262093,5.161530793884594e-07
960,0.0011192192755515862,0.0002343229381835954,0.0031618138369235993,0.0058720726519823074
961,0.0015821674351741422,0.0002885559861169895,0.0030620515817556537,0.008343021385371685
962,0.017139870561379666,0.01488004484542671,0.2179457800571285,0.017309073358774185
963,0.000448648941699048,0.00017180397526317392,0.0008243535036278615,0.001075621461495757
964,0.02137393677929822,0.008754469486859762,0.02720101281224352,0.03425765037536621
965,0.0004944216689750647,0.00016946212014090634,0.00041265741059426375,0.0004586540744639933
966,0.004615124106237545,0.0013746084052854712,0.013063360319298667,0.014168303459882736
967,0.0005259792457650292,0.00019050801842013243,0.001143390001615785,5.003307887818664e-05
968,0.00024880001228666515,7.134859089319434e-05,0.0034768209674318484,1.943706774909515e-05
969,0.00011414909846507726,1.0675205487586936e-05,0.0007552800089634104,2.391800535406219e-07
970,0.003544581352116438,0.0010056715737505328,0.00534294666652535,0.013965190388262272
971,0.0002947857621506955,0.00010032027591933002,0.0032020127737339976,0.00025197473587468266
972,0.00026402953812976193,2.7857794577812456e-05,0.0013040419738548081,4.602213721227599e-09
973,0.0015716037116249026,0.0003697594233926793,0.007006663502648891,0.006684110965579748
974,0.0008388988656520269,6.480964714228321e-06,0.006837754976579902,0.004003365524113178
975,0.00047739919659761654,0.0001245715438926709,0.0030908691521247533,0.0015918684657663107
976,0.0007249369182886767,0.00011699293685296652,0.0007579852108996477,0.0029297356959432364
977,0.012139628913303113,0.004462577887352381,0.01618383013582836,0.02319352887570858
978,0.0005270919876920743,0.00020200928827307507,0.0007706552400321698,0.00016138642968144268
979,0.0005656604459431946,4.0727973726006894e-05,0.006321804849200419,0.002613252494484186
980,0.0003248110553499828,8.582387664546332e-05,0.0012141044536608803,0.0002357158373342827
981,0.0007308052524876985,7.742327255755299e-05,0.003218591587110353,0.0035180659033358097
982,0.004155854130374337,0.0012103339906843757,0.004305137537990333,0.015677541494369507
983,0.00040077350189449135,0.00011909295363921046,0.002969431972365655,6.111730726843234e-06
984,0.0025932157053603078,0.0007027904559890885,0.006504177514626619,0.00827306229621172
985,0.020303963482490417,0.016937082673791792,1.4642151261399228,0.0058822245337069035
986,0.000387041264104937,0.00012454208325607397,0.0023073201638865726,7.467003160854802e-05
987,0.0007277440036546068,3.256350555602694e-05,0.007624064960058519,0.0033883049618452787
988,0.0003865630581572077,0.00014186828002493712,0.0008184209915178542,1.9955816242145374e-05
989,0.012084297660464927,0.004316783348201625,0.021593635900471142,0.02415071427822113
990,0.0003373978634613195,9.261282622219369e-05,0.0009146801106396651,0.00026669359067454934
991,0.00030969943315994897,7.555420910421162e-05,0.0034497900621115463,1.0063155968964566e-05
992,0.0004049559935879188,0.00015157906489093875,0.0008902409826845314,4.624597204383463e-05
993,0.005983991909715769,0.0057193533451140866,0.30379803886727785,0.012009955942630768
994,0.012593114900255387,0.012530475096866667,0.0773836892397064,0.02087542787194252
995,0.002056922123699678,0.0005314083809935255,0.0015260127985978755,0.008511710911989212
996,0.0006656130549913541,0.00016164208403779412,0.004394664585630537,0.0022419109009206295
997,0.0028376475590903283,0.0007946728661067937,0.006095615375835806,0.012184999883174896
998,0.0195752754248133,0.01886686946966165,0.10536852038468325,0.026096470654010773
999,0.008681896222469732,0.0030012573839712786,0.007044753505363488,0.024570012465119362
1000,0.017722334284201224,0.01702912908046983,0.1068852654184731,0.024409066885709763
1001,0.001146936927511888,0.00025358206539749517,0.008181586366848848,0.005950083024799824
1002,0.001051338219781428,0.00014387081409950042,0.005608718343541597,0.006149592809379101
1003,0.004098440165364536,0.0012323247665335657,0.009720668163295088,0.012245343066751957
1004,0.005029647585274688,0.0048008562461063775,0.05671768943491884,0.009069322608411312
1005,0.009413121299814975,0.008669381102777152,0.09944733367630931,0.013408510945737362
1006,0.0002587432203995377,6.492274206948423e-05,0.00499763231410455,5.8241050282958895e-05
1007,0.0005204687852256029,0.0001111238981934548,0.00344668510134305,0.0015992890112102032
1008,0.0005188824482047494,0.00018313031711159056,0.0015209852272111135,0.0005850439774803817
1009,0.0010643976849564751,0.00023418083435444714,0.0038534169874857582,0.005306008271872997
1010,0.0008474976619368135,0.00016953237661709863,0.0016596009350990926,0.005269393790513277
1011,0.0002076309834251333,1.2774355241162993e-05,0.00030173735927441214,2.797509068841464e-08
1012,0.0005452659737557042,0.00011792350522910056,0.006558391873301872,0.0015113101107999682
1013,0.0006962353949688804,0.0001540244967941362,0.001672402847679777,0.002076772041618824
1014,0.0225862486281585,0.01897746871009076,0.3879345810536705,0.017082205042243004
1015,0.0005574459966055656,0.00020956898310942051,0.0024903266533335966,0.0006409053457900882
1016,0.0002680108222534727,0.00010923527514705711,0.0006806602606488354,9.947198122972623e-05
1017,0.010065973194627986,0.00357455965962572,0.011624262465812052,0.026527730748057365
1018,0.000753912601680895,5.2014404730016395e-05,0.0030444034001586573,0.0035779874306172132
1019,0.0007785340258124052,0.00021769571401364374,0.00529854684223352,0.0015242121880874038
1020,0.010271285672615704,0.0038756360326033246,0.01694294369242577,0.02014201320707798
1021,0.0034922597972695257,0.0010331558729603785,0.008844819414857596,0.010931643657386303
1022,0.003542560876439893,0.0010555045865885404,0.01076821854838883,0.010653596371412277
1023,0.005663265065606993,0.0018220988241637315,0.003933356311858205,0.016027120873332024
1024,0.0003036014619510752,2.6062177028052247e-05,0.00022222777434421914,2.1032064978498966e-12
1025,0.0006574425534040529,0.00017902599341823588,0.0012259833283625454,0.0024082916788756847
1026,0.02354595900374079,0.021964780755808988,0.14281159841708657,0.026668710634112358
1027,0.00020711634061854056,7.017466828074248e-05,0.0009789848648686927,4.316417471272871e-05
1028,0.0019734418225993977,0.0004997738076895075,0.00041436863824628745,0.009058210998773575
1029,0.00017726226377590137,1.29131223047807e-05,0.003284545158003027,3.296918293926865e-12
1030,0.02636448289422333,0.01570968713400589,1.2140918437083386,0.03951721638441086
1031,0.00015632302773838092,2.6601428828598728e-05,0.004056226938864427,2.6147972675971687e-12
1032,0.020707836112990208,0.017937634126553803,0.24029999891160259,0.017246248200535774
1033,0.007471862533463991,0.007320351787882373,0.20835596865738992,0.014124719426035881
1034,0.009901181802547399,0.009426843181074673,0.07188106229815716,0.014502907171845436
1035,0.0004562203031923673,0.0001403228182539351,0.0003799548153242682,4.348657057562377e-06
1036,0.0016782890643298742,0.00037499008362829045,0.005431523550475603,0.007981383241713047
1037,0.0003071604387514526,8.315413469972555e-05,0.0015055377148698312,2.7525929908733815e-06
1038,0.000232957599052952,6.014074995164265e-05,0.0004794446879206049,4.264191375114024e-05
1039,0.0023696898387584042,0.0005687342090823222,0.0034068098925938983,0.009934534318745136
1040,0.00037842875434535017,0.00016934486376385394,0.00234189434473997,0.0004175955255050212
1041,0.0006734221194619749,2.7954104780292255e-05,0.0012391360440791033,0.0035263216122984886
1042,0.0007631663459051197,0.00010233036641693616,0.001567531110181264,0.004510123748332262
1043,0.009898120495108742,0.009557053028458995,0.28884310483915243,0.01715816557407379
1044,0.000251607556720046,5.000487703910039e-07,0.0023391114442610217,1.0231815394945443e-12
1045,0.001242397855719446,0.0001451535070486898,0.007550228559816574,0.00600785668939352
1046,0.00044305944481948245,0.00014104444636586777,0.0010081977769971218,2.4178248168027494e-06
1047,0.01745298923339078,0.015312225384889189,0.19606123079048032,0.01808418519794941
1048,0.0006322571555301693,5.509876206133413e-05,0.003794223576280231,0.0028740926645696163
1049,0.004531582947947754,0.0042666290707984444,0.06135087317379373,0.008093326352536678
1050,0.006469941083935282,0.002123328977518213,0.01726380859290444,0.014255370944738388
1051,0.0003812836736187819,9.52630771848817e-05,0.00187711932440493,2.4334299268957693e-06
1052,0.0005799245535627051,0.00020562331440032722,0.0002446332580401389,8.655326382722706e-05
1053,0.011013916750698627,0.004182359685046322,0.011673590492568664,0.022440429776906967
1054,0.0002171551892615753,4.617727626055057e-05,0.0008192639705590921,5.689156523658312e-08
1055,0.0011164989278427129,9.572390223411276e-05,0.0011647021640825983,0.006379637401551008
1056,0.00038517666121151706,0.00015630939515176578,0.002300347060488761,0.00034950804547406733
1057,0.0006761338701153363,9.322773394160322e-06,0.005721696744274141,0.003423061454668641
1058,0.0046249863402749725,0.0014521415641866042,0.011565204696077913,0.012131933122873306
1059,0.000339011582866533,4.129740773350932e-05,0.003777201948524933,7.617018127348274e-12
1060,0.0068640558965853415,0.006567222893636426,0.06295160085755924,0.011556616984307766
1061,0.0005547580882989678,4.3585546222857374e-05,0.003981298450119297,0.0023920079693198204
1062,0.00036828090270546454,0.00011669628912613916,0.004574523569296218,1.6374755432480015e-05
1063,0.0031341802548467967,0.000876413583057456,0.011068872340631586,0.009101181291043758
1064,0.0001377751619315859,1.8267638779434492e-07,0.0012619290107735992,6.94205937179504e-08
1065,0.0026763010208128435,0.0006939687866065469,0.004782745121600485,0.011447894386947155
1066,0.00036333483035377867,0.0001099136071616158,0.003492226781066421,1.674323357292451e-05
1067,0.0010972963456197249,0.00022357132985462158,0.0013352578163505768,0.006020342465490103
1068,0.003493362096776309,0.001002205089207564,0.011886200410089032,0.00990129541605711
1069,0.008266262285019366,0.0028511030823210604,0.007093837171971984,0.023259242996573448
1070,0.0006993137915287662,0.0001796915585714487,0.0007782211631539582,0.002170890336856246
1071,0.00017951366783108824,2.8297668166032963e-05,0.0029804177088621486,2.681402406778943e-07
1072,0.0008026655909247893,9.047234243553248e-06,0.0019670335241652737,0.004333701450377703
1073,0.0005848600845297369,0.00020782399491281467,0.00010655153929128858,0.0005689416429959238
1074,0.00029421938734230935,8.307706633559064e-05,0.0004121735538458182,0.0002905537548940629
1075,0.00033707406680605345,0.00012522631999445366,0.0021234638954794605,0.0001301699667237699
1076,0.001966768947966102,0.0004761470354424091,0.005144305973841412,0.008425582200288773
1077,0.0006582892218034431,0.00023705909325144603,0.0025009611551460864,5.208217044128105e-05
1078,0.00022494754830404418,9.24989342365734e-06,0.00463255557692932,2.5364954581164056e-08
1079,0.01579519080416958,0.006063680986187592,0.024701493547198083,0.029111476615071297
1080,0.0015781638975340684,0.0003902780634348346,0.003084418937445932,0.006776891648769379
1081,0.00033170251094816194,0.00012593794070880904,0.003273932535273971,0.0003473519755061716
1082,0.003534711610541308,0.0010600754521874478,0.008383383827215596,0.009485810063779354
1083,0.0010675253775502824,9.19031249964064e-05,0.0002485743210449698,0.0047979229129850864
1084,0.0011008867442683368,0.00010170485859362088,0.0002098759358748481,0.00584124680608511
1085,0.0004053691432091,0.0001285450644559205,0.004473342173159978,1.9129267457174137e-05
1086,0.0006830689291632552,0.00021010537221854975,0.003765980386173595,0.001510343048721552
1087,0.0004081346186239898,0.00013923543593818977,0.0010955136670300902,6.369553011609241e-05
1088,0.0002774204256184021,5.476439099538766e-05,0.0035052426451169794,2.9839895887562307e-08
1089,0.0004357319571681728,0.00010625615698245383,0.0010836388419583898,0.0013298153644427657
1090,0.0027727656207048312,0.0006929481754696099,0.002646640149738033,0.012418724596500397
1091,0.02397272877033174,0.020042206111156702,0.45946577065269345,0.01695854961872101
1092,0.0004500235142472775,0.0001547966134012313,0.0006950026181247182,5.2095161663601175e-05
1093,0.0013178854690067965,6.016348976345398e-05,0.0003345797413771834,0.006659392733126879
1094,0.00015457823297992945,1.0105984586061822e-05,0.0015099858410199118,1.8343371266382746e-10
1095,0.0026577294403296037,0.0007041073614004745,0.01288425937357296,0.009031303226947784
1096,0.0014523279671720957,0.00017211944339123875,0.002242569997761734,0.007653552107512951
1097,0.0006683965313527551,0.00024362020383250638,0.0021653342097316397,0.000503879098687321
1098,0.0025699573998281267,0.0006554927666115873,0.002864956613020553,0.01135715190321207
1099,0.00041793342387563825,0.00011007717171196418,0.001298868884413551,0.0011245040223002434
1100,0.00162960944931001,0.000350879421546324,0.0039055363782765085,0.008887525647878647
1101,0.00033192730620612565,7.815223449370023e-05,0.0005351638127084613,5.189440912545251e-07
1102,8.169805340685343e-05,7.017334098691208e-06,0.0034506239673479655,1.1368683772161603e-12
1103,0.01803772096047851,0.0147517951302234,0.8240493586778648,0.008910481818020344
1104,0.00044486324696890733,0.0001337531074909748,0.00048047832279607405,9.863576451607514e-06
1105,0.0003406941196431035,6.646416926514576e-05,0.004423269347066494,5.962306204310153e-10
1106,0.00043813981392304413,0.00018954608765398007,0.0017950602340555122,0.0006159248296171427
1107,0.0007765705040014836,3.508123654683004e-06,0.00012492105964412303,0.004613698925822973
1108,0.006403226731265477,0.004540820320130479,0.722416113629734,0.013396481983363628
1109,0.0006100113783418237,0.00010577399859812431,0.003072588442874391,0.0029557249508798122
1110,0.0004706983687583488,9.910918720379414e-06,0.004132183762344255,0.002976777497678995
1111,0.022019771787824993,0.020825721376070305,0.12615887568948736,0.02800711616873741
1112,0.0002934181526370594,5.2248132021759375e-05,0.0037574258899510937,7.327272442125832e-07
1113,0.0017367418035405535,0.00041956389509323344,0.009518434968578404,0.006889368407428265
1114,0.005159792158565324,0.0016501270836783988,0.008524106162472123,0.013972972519695759
1115,0.00020619163029778065,4.452839448276791e-07,0.0006260990237478836,9.328005035058595e-11
1116,0.007378670748323657,0.0024161440467764805,0.004672667624060267,0.02073243260383606
1117,0.0023613563877802335,0.0005948056788156464,0.003877896039995221,0.010053953155875206
1118,0.000646999123034675,0.0001799873496111104,0.005466858470962066,0.001238504657521844
1119,0.0019532662291794622,0.000471726860155286,0.009338270649152491,0.007936405949294567
1120,0.00027521110513362146,1.9344650922903384e-05,0.004782871333659955,1.5651266949134879e-09
1121,0.00012810006830932252,4.980780090590997e-07,0.0016556947404371414,7.958078640513122e-13
1122,0.0012555717088957863,0.0002600836035071552,3.94053900620861e-06,0.006700451485812664
1123,0.0028431918423734714,0.0007572529705726083,0.0060154031466836955,0.011322285048663616
1124,0.000652686753596754,0.0001922751894198882,0.002632067916634284,0.001860462361946702
1125,0.0003471456784041038,0.00013293235105038548,0.0005310851519748638,7.103360258042812e-05
1126,0.001229732779677306,0.00027077154283006166,0.005143489396491674,0.006262326613068581
1127,0.023549941258409035,0.020610376467061542,0.6945675991390488,0.03527851775288582
1128,0.0008745627922621679,0.00015276464483804375,0.0007540549379143613,0.004830412101000547
1129,0.00019883325154523845,4.7540443404159305e-05,0.002925039391115547,6.661607017122151e-07
1130,0.0008211950394638734,0.00015561410168629664,0.0036938061551534673,0.004651200491935015
1131,0.017284798001981017,0.015144380064839424,0.19422239931767038,0.01762361451983452
1132,0.00019977351382749475,6.858014489807829e-05,0.0029151339227446726,7.841363549232483e-05
1133,0.007428314344451792,0.007073748203708874,0.07152772944209218,0.012013239786028862
1134,0.0004833061193494359,0.00011659136197295084,0.0025118900780860542,1.3264951803648728e-07
1135,0.017961936852202598,0.012600390985483045,0.952063562615109,0.028880830854177475
1136,0.000709480784621519,6.312657802709509e-05,0.002668287790394075,0.004092002287507057
1137,0.0044614633819151095,0.0013381732991888384,0.013365780727475851,0.012148738838732243
1138,0.002578204725239175,0.0007204613090721068,0.014626165317851658,0.007182514760643244
1139,0.03136122415543241,0.02620509602650145,0.5707954255785399,0.019560346379876137
1140,0.010074025783694651,0.010029890139037434,0.05990508294931374,0.015920773148536682
1141,0.00017103578090882365,1.2565100405481644e-05,0.0005898210032349027,2.1401547201094218e-09
1142,0.0009994198284175582,0.00013031583301881255,0.00584887578519222,0.00578977121040225
1143,0.004820886187019369,0.002141799977437131,0.8842889303064645,0.01083100214600563
1144,0.006532215902780081,0.006193154898426201,0.07152834694255006,0.01092893723398447
1145,0.0002629690808930718,9.005988232502204e-05,0.004210625398266998,7.363497570622712e-05
1146,0.00022458121765112082,4.684346976091547e-05,0.001218334373241703,5.126034466229612e-06
1147,0.020432543323352093,0.018209847782770794,0.18782842370108455,0.021439693868160248
1148,0.0002897975531936936,6.982446484471438e-05,0.000586403096399124,1.6887609035620699e-06
1149,0.0001711707898266468,7.310427520224039e-06,0.0007986750776467488,1.1533529686857946e-10
1150,0.00018845426603775195,1.5891906741671846e-05,0.002157077032968857,5.554005042540666e-07
1151,0.002168732704149079,0.0004971416307739673,0.005467077403434217,0.009131777100265026
1152,0.0003895278664458601,0.00010330865887908658,0.0020262335893370675,0.0008030151366256177
1153,0.005825979799794823,0.0018872890310035473,0.0020257015482592067,0.017583973705768585
1154,0.0034760493570615836,0.0010287607852319525,0.003990144354663272,0.010498576797544956
1155,0.0028032932376049757,0.0007955798364491784,0.016898376246896163,0.00783803965896368
1156,0.0002883715268353626,8.020283189580368e-05,0.0033749331881089972,0.00041891419095918536
1157,0.0008323620996293357,3.080877939964921e-05,0.00015302501362945975,0.0040872725658118725
1158,0.0006723256312852754,0.00022396947827019176,0.001970048600986374,0.000637751305475831
1159,0.017144374247607175,0.016489847039679262,0.10123686464251591,0.02278636209666729
1160,0.00027220813751682726,5.874874102573813e-05,0.0005168140648965647,3.093937266385183e-07
1161,0.0002644978841885859,6.841012282166048e-05,0.0016827988107710468,0.0009623285150155425
1162,0.0007354977532827434,0.00021694654304837968,0.0009859251818582493,0.0018770189490169287
1163,0.0005264388663022146,8.111209427852373e-05,0.006963891487604457,0.002020101295784116
1164,0.0003944007034988317,0.00013688485989860055,0.005005825835567634,0.00014292795094661415
1165,0.0021416654751647,0.0005728884258360267,0.006376931307443101,0.006763773038983345
1166,0.0005583217837852317,0.00018348031346704374,0.004104392569797,0.0007421234040521085
1167,0.0005481354641574399,0.0002017308643189608,0.00011288583519508677,4.103876926819794e-05
1168,0.00029535973709471364,8.415734697564403e-05,0.005028543625385851,7.914126035757363e-05
1169,0.0002023697397817159,6.42752921180545e-05,0.00028371606872035215,9.451287041883916e-06
1170,0.0005324636289856244,0.00019559087581910717,0.0007768085290038584,8.175993571057916e-05
1171,0.003032168979927974,0.0008703790464323902,0.005112772519243691,0.010934521444141865
1172,0.00017639864444163322,1.258704969586688e-06,0.0022367881346276874,1.3890826267015655e-09
1173,0.0026743107010247513,0.0006987085560012929,0.005697561929963513,0.009806247428059578
1174,0.0002924374217627701,7.329271022626926e-05,0.0014901776088134255,2.066216779894603e-07
1175,0.00034808195403002173,0.00011990045209131495,5.938811259120769e-05,0.00038658230914734304
1176,0.0007407947709339169,0.00017475811756639814,0.0032937406176678508,0.002214483916759491
1177,0.0002697499850228269,8.882487639993997e-05,0.0021605446950125895,2.170750667573884e-05
1178,0.0006082266456246543,0.0001755563022811657,0.00341444564262261,2.0910363218717976e-07
1179,0.00019086203587903583,1.7300939930464665e-05,0.0026065774742267678,9.778756293599145e-08
1180,0.0002299635436884273,7.034494319668738e-05,0.0026554855156319945,3.1643285183236e-05
1181,0.0006392869647697808,0.00023202243397690836,0.0014473030778656693,0.0010310494108125567
1182,0.024494341064439595,0.020738276591885096,0.3592685042920962,0.019426552578806877
1183,0.0026312599238167422,0.0006761445475831351,0.004696151531819126,0.011480219662189484
1184,0.013419158672945741,0.005039990195825794,0.011697614589946781,0.030845819041132927
1185,0.0014575987638068,0.0003363197967587439,0.0011352708029104264,0.00723408255726099
1186,0.00671039370820381,0.006610587360228237,0.05796579711035221,0.012100471183657646
1187,0.0004851513190260448,0.00016029346676305067,0.0009318897168846263,0.0005477651720866561
1188,0.0005185244676795264,0.0001497549731084291,0.004014858489734152,2.5136608883258305e-07
1189,0.00016753040927142138,2.227380178965177e-05,0.0002438221020568676,1.2729174159176182e-08
1190,0.0006930433470415664,1.6616518792034185e-05,0.0034289013812411895,0.003683405928313732
1191,0.014951925174159442,0.005781516833280875,0.024660581447307095,0.026598282158374786
1192,0.0005874742133187283,1.4297182360678562e-05,0.0035149174378954484,0.003012883709743619
1193,0.0005990827955315581,0.00024288184499710042,0.0005801440386328238,0.0006217554910108447
1194,0.00250278417604477,0.0006378737927548173,0.004205740989622342,0.010495580732822418
1195,0.000490775529272014,0.00015706279100413667,0.0017004208277793254,1.3441691407933831e-05
1196,0.00037650209083039954,0.00012610622110287295,0.00066510026762856,0.0008759346674196422
1197,0.000612822168875482,0.00011334193249012969,0.002001276630126725,0.002104460261762142
1198,0.00633459778219958,0.002123246660289624,0.9698449178328037,0.013086559250950813
1199,0.00043871478681012377,5.5830333394624176e-05,0.00041478343751144564,0.001877642353065312
1200,0.0006702334587771475,0.0002564014924359981,0.00017117257334575697,0.0002816340420395136
1201,0.0008714972535130983,1.4077484138397267e-05,0.00716479254113267,0.0038701691664755344
1202,0.0018690709982251974,0.000432608519133737,0.004945714094517939,0.008295336738228798
1203,0.0005180395306183527,0.0002067750139644886,0.004365712506253061,0.00010107523121405393
1204,0.0020649389099389737,0.0005422869445510514,0.0016271105254244134,0.00885053165256977
1205,0.0011522365919063304,0.00011413341388788467,0.0034855648068479184,0.006372451316565275
1206,0.002795152015266922,0.0007821956464795221,0.0031065495516511277,0.010814615525305271
1207,0.0003586028532254204,0.00013088581425790835,0.0013923910759583435,8.444728155154735e-05
1208,0.01983486669297463,0.019095812377202037,0.10316364466248373,0.025296572595834732
1209,0.018204717231469658,0.01637075407273869,0.1544518994149371,0.01876339502632618
1210,0.01062251843939066,0.0037387220318692016,0.02355212652907923,0.021105781197547913
1211,0.0003401420997306559,0.00010016995747719193,0.002387368713389293,1.095668994821608e-05
1212,0.008319517586471648,0.008201012495931082,0.06673564188319858,0.014635495841503143
1213,0.0004000705475277755,0.00014194253736832252,0.0027031387869840273,0.00027223891811445355
1214,0.00025204868819628246,9.322242419784743e-06,0.0020631985450858537,9.094947017729282e-13
1215,0.007055533992229357,0.007009648030646076,0.0624863547634078,0.012947086244821548
1216,0.0024327539471187265,0.0006023156505534644,0.005465077586524814,0.010075774043798447
1217,0.0005339235354995253,0.0002103920118656788,0.0026290985222452434,0.000599644728936255
1218,0.006492203732761936,0.002099603014812601,0.008057167338924032,0.019689712673425674
1219,0.0001655869217529471,2.08460983230907e-06,0.0008840381483494753,6.335199032037053e-09
1220,0.02002475640654211,0.01913637150306613,0.11252811811326069,0.026179851964116096
1221,0.00039967981985000733,0.00017860537207070593,0.0029547260783076013,0.0005426384741440415
1222,0.0006093204122521456,0.00021026759986852994,0.0034844897478194525,1.9215274733141996e-05
1223,0.014527670945824411,0.012180180037375976,0.28450720619807157,0.012190599925816059
1224,0.0016010900047263021,0.0003177116382175882,0.008761612298597399,0.008121419697999954
1225,0.0007081075411292659,0.00014476536927077177,0.0013291847172922644,0.0026698606088757515
1226,0.005459700677192814,0.0017303198401918962,0.01716624616713247,0.01226367149502039
1227,0.005446769839466015,0.0017378995161152488,0.012265515344585864,0.013445943593978882
1228,0.00038207798252187786,8.496935208768264e-05,5.661275618962236e-05,0.0010852203704416752
1229,0.0018204180987595464,0.0004399474980800733,0.011110504283076139,0.006415330804884434
1230,0.000792906920707992,0.00024640637309403246,0.000814239335198863,0.0016732403310015798
1231,0.0002181008249522165,4.786353088093165e-05,0.0035078738216896,2.362469331274042e-09
1232,0.043171174580209026,0.03888233893371762,0.25559152923323936,0.03796374797821045
1233,0.00041565990750314086,0.0001413087018704573,0.0002466579207229813,7.840143371140584e-05
1234,0.0004126481618982325,0.00014896873130965105,0.0032176924744735658,5.0368442316539586e-05
1235,0.008288824181875043,0.007823724098443563,0.084324328952885,0.013001163490116596
1236,0.0021545066759358633,0.0005501295345879953,0.011396334709534273,0.0073171318508684635
1237,0.00034838366343592497,0.00010915794223365083,0.0007841394871306306,0.0005436548963189125
1238,0.002128612260094087,0.0005224227934945702,0.006860642112616944,0.008906997740268707
1239,0.00039185372577321687,0.00012248807854575716,0.00014622505650230266,0.0007654869114048779
1240,0.0002909177322294454,6.632141497675548e-05,0.00018940897717278915,0.0009309744345955551
1241,0.0005413486579755045,1.8210447990441025e-05,0.005531603477200164,0.003452107310295105
1242,0.004491636030934387,0.001374907239892309,0.013901344008392158,0.011126010678708553
1243,0.003461669429839276,0.0010099341316731625,0.0024479349884956036,0.013444379903376102
1244,0.0002856473255974379,0.00010834808347226499,0.0012258724843725588,5.099104964756407e-05
1245,0.00038811253358517206,0.000161151030624751,0.00035940031734860156,0.0003280608798377216
1246,0.00029505109085903314,6.131761972483218e-05,0.0033896507594946,2.8698480036837282e-08
1247,0.00024342745109606767,5.765365693832791e-05,0.0025200836555043793,1.0456655218149535e-05
1248,0.02017574703796754,0.01733491605546078,0.26555304887668996,0.016693532466888428
1249,0.0009837346980248185,5.000681528599671e-05,0.002143078169449808,0.004823506344109774
1250,6.657132684040334e-05,1.779082390385156e-05,0.000999091654357187,1.0800249583553523e-12
1251,0.026453625830811234,0.023621420340532495,0.21041167504983704,0.02577364630997181
1252,0.0003238535177843005,0.00010934309023014066,0.0006647107460686641,0.00026236477424390614
1253,0.00048433965457661543,0.00015328161879324398,0.004367837081318271,0.0004790197126567364
1254,0.0005569711583461867,0.00012828133776565664,0.0018426143086269775,0.001809687353670597
1255,0.03474835215871508,0.029064154966135902,0.7843828101572292,0.01719145104289055
1256,0.00041033952174984734,0.00013671508793322573,0.0016825919349798824,0.00036448086029849946
1257,0.0007889999925509983,0.00012465273840689406,0.0024511956241610733,0.0041740951128304005
1258,0.00018235166606928033,1.910587712927736e-05,0.001024096124528029,1.502809254816384e-07
1259,0.002190764769920861,0.0005579681984499985,0.00013809705890821533,0.010495176538825035
1260,0.00033367265535844126,9.652515177549503e-05,0.0008165643318935878,0.0015400707488879561
1261,0.0005669397724545888,0.00019629262135367753,0.0019580386674888928,1.4090943295741454e-05
1262,0.0013260224050668512,0.00030408447042873377,0.0026833609243901435,0.006113622337579727
1263,0.0009384599927102499,0.00014773715116689345,0.0006219709190311562,0.003479434410110116
1264,0.001908528082765315,0.0004931335174660489,0.003776147554223286,0.00898495502769947
1265,0.00033789066230838216,6.112166852290102e-05,0.00024576072413928784,8.486722435918637e-11
1266,0.00012034723943088466,1.357425401238288e-05,0.003991990258935374,9.243447493645363e-06
1267,0.000659899298966593,0.0002373897871734698,0.003425560451976395,0.00038167129969224334
1268,0.0005674057416626965,2.3838028369027597e-05,0.0021702177348519314,0.0027335381601005793
1269,0.0019183653420213886,0.0004969855526724132,0.0022537900283055023,0.007253563031554222
1270,0.026021654087116985,0.02508406821311837,0.40170299373454554,0.036761801689863205
1271,0.00016097649699986505,1.814468669181224e-05,0.004243788257792147,3.302532149973558e-07
1272,0.003828247564342746,0.0011707987503655204,0.0016974571608798783,0.011874958872795105
1273,0.0006902375906747693,7.057524845777152e-05,0.0034054859365806323,0.003354689572006464
1274,0.0003426949148774838,0.0001313833834046818,0.002878893615342548,0.00018202820501755923
1275,0.014093030000367435,0.012473657379246106,0.5767762246093184,0.02137267217040062
1276,0.0005528080506564947,1.9734180341401952e-05,0.0040346514856342,0.002950127935037017
1277,0.0005041271632535427,0.00017604032382223522,0.0012439399306423127,0.0005518684047274292
1278,0.0009307610525297605,2.308165312570054e-05,0.003692940486835994,0.005413402803242207
1279,0.009041502991124162,0.003060361953771462,0.015077901108121239,0.02133256196975708
1280,0.002442308525075987,0.0006135750947464658,0.005276804865065543,0.009105254895985126
1281,0.0003219277581933966,9.487129818808171e-05,8.700389729199287e-05,0.00011527435708558187
1282,0.0019964646492098836,0.0005151872306896621,0.004314934305508444,0.009432971477508545
1283,0.007254454821747913,0.0023873585997762348,0.01116701974845391,0.01955322176218033
1284,0.0002694622887133846,7.755072010695585e-05,0.005095256850696117,5.155301187187433e-05
1285,0.0005123917428591085,0.00013082341996550895,0.0007299148568833402,0.001426617382094264
1286,0.0004303245397068167,0.0001279021940945313,0.0028962742246250173,2.5503759388811886e-06
1287,0.00038647556476689715,0.000109808315698956,0.0014247953199930663,4.2332732846261933e-05
1288,0.00033541127214675726,7.821095084636909e-05,0.0012440744650810132,2.011209403462999e-07
1289,0.014540501870669686,0.012324161677213397,0.25028177561295095,0.013396196067333221
1290,0.0035471092680268157,0.0034170537639965914,0.05768778489586168,0.0068926457315683365
1291,0.00042340047463085284,0.00017201009222844732,0.0020341332290882974,0.00045855672215111554
1292,0.0006934969314897899,0.0002481382870200832,0.002440388544425076,3.369064143043943e-05
1293,0.001215933108937861,8.196676577654216e-05,0.0017995480058417002,0.007029528729617596
1294,0.00043420994347798114,0.0001493134657266637,1.6480567985865946e-06,0.00029913397156633437
1295,0.0006660725675260437,2.311818394673537e-05,0.00076152000575469,0.0036652199923992157
1296,0.02483034556360053,0.022245283452718922,0.19290435824193608,0.023361532017588615
1297,0.000662467139875389,5.20516952633443e-05,0.0008881531473470261,0.0025962728541344404
1298,0.02342821471285106,0.009722823834351857,0.024437221169780088,0.037672944366931915
1299,0.00022302724914879946,9.47663294823542e-05,0.0011630521743875022,0.00038453121669590473
1300,0.0006262662135441133,0.00015820582819969786,0.004588381179827294,0.0019522906513884664
1301,0.00012509649860703576,3.473430012945755e-06,0.00040597197633474025,8.168399290298112e-11
1302,0.0002014144631630188,1.8999741769221146e-05,0.0014561041811465003,7.349854058702476e-11
1303,0.00034893179724804213,8.838927737997437e-05,0.0005819261158723776,0.000821777677629143
1304,0.00010354542683899126,8.382541466289695e-06,0.0003045581090113103,7.958078640513122e-13
1305,0.0005523121627106775,0.00019485933705709613,0.0024216171771804795,2.123006015608553e-05
1306,0.0009544757340904653,0.00013118081022867045,0.003752021161364638,0.005694270599633455
1307,0.0012760355162981796,0.00010090840549992208,0.005872652845281934,0.006513420958071947
1308,0.00043592651172730257,0.00011875042696374294,0.004563823946693191,0.0011636697454378009
1309,0.0004189323599348427,0.00016601013732042702,0.0005048015366035941,0.00018002490105573088
1310,0.013955739129244193,0.013611286310492687,0.08529099865829437,0.021795323118567467
1311,0.02925987749364367,0.024596128955806762,0.48305817819226604,0.019528549164533615
1312,0.008813599281381812,0.002967091849711778,0.020694150918345144,0.01943717896938324
1313,0.0006056101956346538,0.00023519676909700138,0.001032435974131829,0.00010397074947832152
1314,0.002561189612947601,0.0007087305162940538,0.004645134685951291,0.009654073044657707
1315,0.00038801266464361106,5.684816227358169e-05,0.0038818248700849267,0.0017857094062492251
1316,0.0004551239412649011,7.743002157667433e-05,0.0020155622477755486,0.0015077325515449047
1317,0.012441581498478627,0.0046446719505865985,0.009514681054339391,0.028970934450626373
1318,0.0005789498641775026,0.0001956068480239992,0.0028444774818368046,0.0002985614410135895
1319,0.0002806598801043947,0.00010947873249733675,0.0010397416150560446,0.0001512747840024531
1320,0.0002586660750125702,6.241120058803062e-05,0.0004405095315984653,1.064101070369361e-05
1321,0.0005661176956550662,0.0002252124740493855,0.004266124791300285,0.000151305619510822
1322,0.0005412709598999754,0.0001495340009114443,0.00247106662074259,0.0017798470798879862
1323,0.006204482941825518,0.005724742363781843,0.07162327160076032,0.0097899679094553
1324,0.01082373011610116,0.010823529098331619,0.004867120611041997,0.018757492303848267
1325,0.0002216929484575303,8.976099934443482e-07,6.499274063820337e-05,1.0435883268655743e-09
1326,0.0027932162310548847,0.0008126269391937058,0.006587221980110414,0.009653390385210514
1327,0.00045447886560623374,0.0001680649439208537,0.002067463118317292,0.00024006961029954255
1328,0.0005184245061400361,8.92808786261412e-05,0.0005262558746021995,0.0019572165329009295
1329,0.0005357412593980371,0.0001935161321284795,0.004842634851556227,7.15575588401407e-05
1330,0.006791516885243709,0.006287508981415613,0.07802080749171836,0.010610068216919899
1331,0.005885223414622942,0.0018635753668263533,0.009155919382525468,0.018636247143149376
1332,0.0009300745816744893,0.00011504772186299306,0.0005479218136237307,0.004136300180107355
1333,0.00011076684074851073,1.020760453229741e-05,0.0016057405220983867,2.5038389139808714e-09
1334,0.0006283605419525884,0.0001753066534320169,0.0016592525523293489,0.0021698207128793
1335,0.00017898516233572082,1.369772314774309e-05,0.00114309989118766,2.0727952687593643e-09
1336,0.00017253111673198873,2.0547312828966824e-05,0.005329349804794603,3.5217152571931365e-07
1337,0.0012735858834389546,0.000285775958332124,0.0021484630000383476,0.005993421655148268
1338,0.005534752345511151,0.00169233867990215,0.007990724653847536,0.016347579658031464
1339,0.00024975458279641316,4.855238489653857e-05,0.002590185736737638,6.793972602281428e-07
1340,0.0007267012781539961,0.00013127986807148773,0.000997663217408018,0.002620471641421318
1341,0.0014160981659756544,0.00023626179000757475,0.00203787678890599,0.007872289046645164
1342,0.0003978639107344861,9.568842801854771e-05,0.004714741587395821,2.912294348789146e-06
1343,0.024810794500069733,0.021154282865779805,8.683517235936371,0.006632787175476551
1344,0.0002962271424280516,5.117567127399525e-05,0.0018636346634064438,1.7209345060109627e-09
1345,0.0005006282605108936,0.0001411722442981045,0.004496121792335828,1.4423932270801743e-07
1346,0.0005618199725176964,0.0002120847372566459,0.0001231047023964038,0.0005248024826869369
1347,0.007988926321331746,0.0026615410837962372,0.02268824189187768,0.017281245440244675
1348,0.000172900014320021,3.0297434307158255e-05,0.0027028880250412612,8.211196700358414e-08
1349,0.0007100676446043508,8.351292632369223e-05,0.0003700752022357534,0.004595056641846895
1350,0.0006831991933040626,0.0002623906675012222,0.0008467590428953287,0.00018953248218167573
1351,0.002167843422569149,0.0006142859446640614,0.006031716720588776,0.00843764003366232
1352,0.000445352529311549,0.0001298032835848062,0.002671997488775446,1.1549309419933707e-06
1353,0.0006623665242955212,0.0002593277185383158,0.0016591129097136559,0.0001285420439671725
1354,0.00035252695067811146,0.00010152801388585431,0.0036412476961835694,0.000646497355774045
1355,0.005056448529444424,0.0015523786446465238,0.018896421524910778,0.01251240074634552
1356,0.0017758226826458667,0.00036204042936560654,0.0016637361824134445,0.00995780248194933
1357,0.0002598903510033779,6.712758795401896e-05,0.005901671001101505,1.2783353668055497e-05
1358,0.0003456210937997639,9.530949819236412e-05,0.0005369952546949719,0.0003115129075013101
1359,0.00017129149296124524,2.5598768388590543e-05,0.0032259600969748448,5.547731234400999e-07
1360,0.024835150962815078,0.022907837438310708,0.5863893939424116,0.033904049545526505
1361,0.0006442922756377811,0.00013465827987602097,0.0018373221251817284,0.0019846053328365088
1362,0.00033747888403468096,8.694032396761031e-05,0.0031232049504446024,2.2647102014161646e-05
1363,0.0008330669115821365,4.5284384498245345e-05,0.0024396921979903397,0.003307970240712166
1364,0.0017795356807255303,0.00035889915704956366,0.001348214092523392,0.009870215319097042
1365,0.001131480044705313,2.331867278826394e-05,0.002980601845774089,0.00604854105040431
1366,0.00072911813117571,4.296027043437789e-05,0.003617108770685107,0.004108387976884842
1367,0.00013890278950157153,1.2861905815952923e-06,0.00025936938727255665,2.1088908397359774e-11
1368,0.0007076996941464131,8.155409358323595e-05,0.0016486741188987963,0.004423917271196842
1369,0.000342003684465908,0.00011633272919198134,0.001646911513605076,0.0005054406356066465
1370,0.0005601547340461366,0.00011782368352442063,0.005203853563269689,0.0018628928810358047
1371,0.007514306715336261,0.0069894299105612845,0.07557106179502782,0.011457019485533237
1372,0.0003233868795859962,6.142059152125512e-05,0.0013815423412211203,6.769998321942694e-07
1373,0.0005148870849893683,0.00018596606645360225,0.0029533445852418794,0.0004881447821389884
1374,0.0006066119410093052,0.00022193305545670228,0.0007409614558842037,0.0005425465060397983
1375,0.0002859736898699339,0.00010226376798527781,0.0009402878715292218,0.00037961764610372484
1376,0.014548085588216964,0.011850724154101044,0.5864665640886084,0.008266769349575043
1377,0.00030521323139964807,9.9952518326063e-05,0.0012904604723420476,4.415287185111083e-05
1378,0.0002552392685970517,7.016408409299402e-05,0.003604907241085087,8.805391189525835e-06
1379,0.0007931283543030077,0.00011225973770478959,0.00019411897443966097,0.002833734732121229
1380,0.002929055404194969,0.0007785058916738308,0.0016972327854816172,0.01111836452037096
1381,0.00021604613198178413,6.2792609526241e-05,0.004561971936791309,0.0007999819936230779
1382,0.0003034018151311102,8.678041365328681e-05,0.0010548064012674274,0.0001204058644361794
1383,0.0011650595742480618,9.659191277933132e-05,0.0035559090270336213,0.006017814390361309
1384,0.0005389120021277449,0.00016860593484580022,0.00035010084368636285,0.001251010806299746
1385,0.0007502966183210447,7.857945126943378e-05,0.005533653107059777,0.0031219269149005413
1386,0.0012075967686087097,1.9800325674168562e-05,0.006392250095123231,0.005785671528428793
1387,0.00022420193386096798,4.795146253400162e-06,0.0006706867728354382,9.634959496906959e-11
1388,0.0004296874012652552,0.00013739020164393878,0.0007660305756083119,9.905488695949316e-05
1389,0.01874701595517081,0.015614911499312711,0.40918136927065873,0.012239151634275913
1390,0.01757051788587205,0.017219970991220634,0.0932427713684767,0.024219729006290436
1391,0.0004111758827889389,0.00012930263574162382,0.0038109350750286097,5.585482085734839e-06
1392,0.0006456927643512245,0.000238456329498149,0.003374845089410883,8.869166777003556e-06
1393,0.0005541284369314781,6.738475326528715e-05,0.0006774338486579268,0.002346761990338564
1394,0.0023300686509628576,0.0005809791045976453,0.0021108704513252974,0.011026090942323208
1395,0.001958830250941901,0.000475024400429902,0.00969804160976473,0.008045180700719357
1396,0.00041182003445783266,0.000126822425499995,0.001368613681933084,1.0117370038642548e-05
1397,0.00039410737394973694,0.00012950226408747767,0.00012327223500818718,0.00015272721066139638
1398,0.0004518806104556461,0.00016485848755110055,0.0018082583410112818,0.0006845853640697896
1399,0.0027490452485494643,0.0026652184834574655,0.046896495089349344,0.00570374820381403
1400,0.011177262652097397,0.005586705997984609,1.035311272139019,0.020574180409312248
1401,0.0003364008250059669,0.00011001730803172904,0.0009187235840233399,0.00045734248124063015
1402,0.0004464361845180065,0.00013810273492254055,0.0016129469432915045,0.0010463311336934566
1403,0.009376729324856115,0.0032281868396353275,0.01720543765484095,0.022441593930125237
1404,0.008971922221633122,0.007963055725610957,0.11430195300541257,0.01138221099972725
1405,0.019552332509931603,0.017188245706449834,0.20370610877403905,0.019249076023697853
1406,0.0003810957159089412,0.00015348512459922858,0.00010658906143490299,0.0002413791953586042
1407,0.00026113776760894325,8.01875382308026e-05,0.0009825748346514729,5.5027572670951486e-05
1408,0.0009048858382243452,1.632050157240883e-06,0.0011287878713641675,0.00512106716632843
1409,0.000429996312448111,0.00013395231684398823,0.002322297713430288,9.120105823967606e-05
1410,0.0007482103951588215,0.0002942488567896362,0.004855790214566724,0.00045176540152169764
1411,0.008382405335510157,0.0028625262831383225,0.0223285335148784,0.01763114333152771
1412,0.02854946531800806,0.02735487435717232,0.13404170097114587,0.0346207395195961
1413,0.0228368798314591,0.02002902237023818,0.23149631550973027,0.02185888960957527
1414,0.0020074860059366983,0.0005057098089196188,0.0015410700526654608,0.008534632623195648
1415,0.001574621280667543,0.0003605833802566849,0.00893822524909993,0.006254669278860092
1416,0.00043915904245750426,7.671848396739733e-05,0.0055340270646748735,0.001411090255714953
1417,0.0004917911875281789,8.958367612876827e-05,0.001063197032886265,0.0018895481480285525
1418,0.0005005173053405088,0.000221165362006559,0.0017035154913749295,0.000452626496553421
1419,0.017469063036514854,0.007062422344120023,0.02747508439844637,0.028405942022800446
1420,0.0003741797254974699,8.767967369749385e-05,0.004590711913646572,0.0013209639582782984
1421,0.005819174239775293,0.0018388911837519117,0.013951792133452656,0.014659094624221325
1422,0.0008631833787831056,0.0001251391144023728,0.0012326918208298565,0.0034554970916360617
1423,0.00021426398330959273,1.65577532129646e-05,0.0031249144726448463,7.399876267299987e-10
1424,0.0008482458777621105,1.2149507369940693e-05,0.0019615906854397736,0.0044680447317659855
1425,0.003865219255885677,0.001130099629506276,0.002397135764356406,0.01213893387466669
1426,0.0002594815269389983,5.1951703369468305e-05,0.0029859032683621223,6.185423444549087e-07
1427,0.0006264631753083449,0.00023212398525629396,0.0019682669124776453,0.00046383391600102186
1428,0.00017363021476057838,1.1013406719939667e-07,0.0004604620543275928,1.697742391115753e-08
1429,0.0006920342551097747,0.0002101950168480471,0.004387218511364921,0.0014608693309128284
1430,0.001200689200288707,3.6137681604486716e-05,0.0026876750574071906,0.006615252234041691
1431,0.0006054322385580235,0.00023406560262628773,0.0009341243073848204,0.00030141108436509967
1432,0.0005962719397984984,0.00021775795312350965,0.004347805097705049,2.8837557692895643e-05
1433,0.0006054373197343921,7.27176438317656e-05,0.004849834469688119,0.002246074378490448
1434,0.00025690756359608713,9.820791257197925e-05,0.003455757937796733,0.00012015919492114335
1435,0.00039032562062857323,7.838230811785252e-05,0.0014698817653204799,0.0011005713604390621
1436,0.0004985721295156509,9.690967061715128e-05,0.0037190815466718874,0.0017317902529612184
1437,0.0005149519370775124,2.268557926754511e-05,0.005874847440741959,0.0028145669493824244
1438,0.007374802477158937,0.007331330581223483,0.052485811029121976,0.013227271847426891
1439,0.00027993945133175657,9.516960017208476e-05,0.0023041886573071935,4.832037666346878e-05
1440,0.007268753066853151,0.003250847143988267,0.9341251819692413,0.014389216899871826
1441,0.007579031247587409,0.00256173518499736,0.005936085029853544,0.0206915196031332
1442,0.014514205429691174,0.005546821790744616,0.01675793528528935,0.028582658618688583
1443,0.0006619631319608743,0.00024553797788939846,6.045338050952864e-05,9.377785318065435e-05
1444,0.0007057905571059564,0.00023832652328792392,0.002264216476795866,0.0010316953994333744
1445,0.0006542659821775487,0.0002560645581297649,0.0011213838837118573,3.860056312987581e-05
1446,0.0002002531997504775,6.43885425120061e-05,0.0011873966042710293,1.6574245819356292e-05
1447,0.000595944244025759,8.565465736865008e-05,0.004498478932909222,0.002441083313897252
1448,0.0002842354257381885,0.00011284142823342336,0.004427280662559596,9.739412780618295e-05
1449,0.0015073605308657534,0.00032009958840717445,0.001391363932295775,0.007609097752720118
1450,0.01959733080781234,0.0081698841518687,0.023389158046889236,0.0304211787879467
1451,0.000526673967840452,0.00015694433386670426,0.0033230718125487613,2.5436695523239905e-06
1452,0.000360924524670736,0.00011460859184353467,0.0019326348568569074,0.00029975210782140493
1453,0.0006120220500065443,0.00022635031433537733,0.0008770848716004309,0.00010713164374465123
1454,0.006909995526541479,0.006908877462308283,0.015530204522836044,0.01245882362127304
1455,0.0003175664104446696,6.93207069843993e-05,0.00433033135777805,0.0013576927594840527
1456,0.0008405941806017836,0.0001922360559660774,0.00024005642683988526,0.003028609324246645
1457,0.03793174368280461,0.03212722983710137,0.5195368903686024,0.02402121014893055
1458,0.032971303793829065,0.02777499464821176,0.5182231495858858,0.02113737165927887
1459,0.00015860342608675637,6.795893699518274e-05,0.0017743715912867941,9.982236952055246e-05
1460,0.004702210960545017,0.004502472942874647,0.05148131652163812,0.008673383854329586
1461,0.001366766546823328,0.00027353885053571503,0.005578663935203565,0.007011063396930695
1462,0.0018468628898062889,0.00047783083340391386,0.0048375520914252235,0.006166684906929731
1463,0.0030929618852155727,0.0008804102132558,0.000310465575967811,0.011431882157921791
1464,0.0004070669017437467,0.0001363501705213821,9.883468291960185e-05,6.060857413103804e-05
1465,0.0003102007975712695,9.141936669720963e-05,0.0022704164947331407,0.0003875398833770305
1466,0.0009694545147453937,0.00015127685628613108,0.00014193989749244906,0.005660270340740681
1467,0.0002711899492737757,2.233302581089447e-05,0.0033246620418942996,2.546710220485693e-08
1468,0.0002960924537660503,9.298789336753543e-05,0.003620374280739469,0.00023804865486454219
1469,0.006825838214865598,0.0023434557922996646,0.013931496974292301,0.014629299752414227
1470,0.0008559079248584567,4.799080272732681e-06,0.004077428992331988,0.004823958035558462
1471,0.015466052921510709,0.014120943016848742,0.13954556492080528,0.01964876800775528
1472,0.00048363266847673003,0.00019318395396794585,0.0003488399548068344,0.0005418656510300934
1473,0.000199066438653972,1.9920504769288527e-05,0.0047540956847615945,1.1061371196774417e-07
1474,0.0003616735490368228,8.89441497520238e-05,0.0028327908942173963,6.937299303899636e-07
1475,0.000507234048313876,0.0001117119865625682,0.000962504860824609,0.00155894854106009
1476,0.000672855848506515,0.000106013761126178,0.00029440831279181623,0.0032479609362781048
1477,0.01938436883239092,0.017178373377362277,0.1865573662660296,0.018491175025701523
1478,0.0004976564486582902,0.0001683717828200315,0.00026899238863720143,0.00038309243973344564
1479,0.000641295939203701,0.00022335173520104945,0.004994868382311779,4.723240635939874e-05
1480,0.0002777508129270245,2.200694166276662e-05,0.003317415230304377,0.0
1481,0.0011621732015214548,0.0001252812811003423,0.0059782955559821715,0.0061060721054673195
1482,0.0005435083651263994,0.0002101050047258468,0.0063328954544665805,0.0001014087611110881
1483,0.0006963781628996912,0.00024549210718305403,0.003619850986007478,0.0007362510659731925
1484,0.00041773186137561424,0.00011742540914383426,0.0013290920717796695,1.7839799966168357e-06
1485,0.0002797931032887391,2.5007901797380327e-05,0.002010324085912174,4.320099833421409e-12
1486,0.0007937268050000057,9.893871680333177e-05,0.001086895802995258,0.003982162103056908
1487,0.0011362970853951992,6.398096087423255e-05,0.00658172180317429,0.005226455628871918
1488,0.0038959776682077063,0.003843160592680306,0.13671109695429706,0.008335769176483154
1489,0.00303693869284416,0.0030267205676750564,0.06150495389064403,0.0067839245311915874
1490,0.002789837515081217,0.0007769605570615568,0.001987064211922629,0.010610544122755527
1491,0.000692284164188095,1.08863307559659e-05,0.007755028353120252,0.002987474901601672
1492,0.00019027903482538022,3.944466686789383e-05,0.004027583308779725,2.1320677205949323e-06
1493,0.0005551569154249592,2.1213249169704795e-05,0.002407576650838905,0.003126997733488679
1494,0.005459497877154718,0.0017655151644362377,0.011220345860335712,0.014206207357347012
1495,0.0004143844614077352,0.00011440518369454367,0.0018481693865908255,0.000588488532230258
1496,0.0002901207990930743,9.062810761406581e-05,0.0010831587490081063,0.00015026264009065926
1497,0.0006851320345049317,0.00010367787439236054,0.004714631925780921,0.0032714686822146177
1498,0.00898662823669838,0.0030885394896813523,0.017309419526554848,0.019071975722908974
1499,0.0028026869626955886,0.0008331061060857792,0.002142458065934605,0.009220773354172707
